feature_id,n_ecmdb_candidates,n_biochemically_supported,biochemical_context
FT00106,1,1,True
FT00209,1,0,False
FT00210,2,1,True
FT00212,2,1,True
FT00221,2,2,True
FT00235,2,1,True
FT00274,1,1,True
FT00384,1,1,True
FT00397,3,3,True
FT00411,1,1,True
FT00457,1,1,True
FT00501,1,1,True
FT00562,1,1,True
FT00585,2,1,True
FT00664,1,1,True
FT00693,4,3,True
FT00743,2,2,True
FT00771,1,1,True
FT00844,1,1,True
FT00934,2,2,True
FT00977,1,1,True
FT00980,1,0,False
FT01034,1,1,True
FT01046,1,0,False
FT01068,1,1,True
FT01091,3,3,True
FT01101,3,2,True
FT01110,1,0,False
FT01142,1,1,True
FT01145,3,3,True
FT01189,2,2,True
FT01248,1,1,True
FT01386,1,1,True
FT01389,1,1,True
FT01408,1,0,False
FT01430,5,1,True
FT01432,2,2,True
FT01451,1,1,True
FT01564,1,1,True
FT01590,1,1,True
FT01611,1,1,True
FT01659,1,0,False
FT01682,1,1,True
FT01712,4,4,True
FT01754,1,0,False
FT01759,1,1,True
FT01890,1,0,False
FT01975,2,0,False
FT01996,2,0,False
FT02040,1,1,True
FT02114,1,1,True
FT02116,3,1,True
FT02172,2,1,True
FT02261,1,1,True
FT02361,1,0,False
FT02399,1,1,True
FT02436,1,0,False
FT02486,3,3,True
FT02503,1,0,False
FT02504,3,2,True
FT02578,1,1,True
FT02615,1,0,False
FT02745,2,0,False
FT02760,3,1,True
FT02797,2,1,True
FT02798,2,1,True
FT02873,1,1,True
FT02882,1,0,False
FT02923,4,2,True
FT02970,1,1,True
FT03041,1,1,True
FT03071,1,1,True
FT03116,9,5,True
FT03153,1,1,True
FT03276,1,1,True
FT03424,1,1,True
FT03427,2,1,True
FT03430,2,1,True
FT03521,1,0,False
FT03650,1,1,True
FT03832,1,1,True
FT03852,2,2,True
FT03931,1,1,True
FT04097,2,0,False
FT04098,1,1,True
FT04102,1,1,True
FT04317,2,2,True
FT04538,4,4,True
FT04607,2,1,True
FT04610,1,0,False
FT04663,1,1,True
FT04718,1,1,True
FT04781,4,1,True
FT04884,1,0,False
FT05326,3,1,True
FT05339,2,2,True
FT05419,1,1,True
FT05429,5,4,True
FT05430,4,3,True
FT05437,1,1,True
FT05490,2,2,True
FT05551,2,2,True
FT05648,1,1,True
FT05660,2,2,True
FT05801,1,0,False
FT05834,1,0,False
FT05865,1,1,True
FT05871,1,1,True
FT06206,2,1,True
FT06861,1,0,False
FT06962,1,1,True
FT06968,1,1,True
FT07169,1,1,True
FT07203,1,1,True
FT07269,1,0,False
FT07376,11,10,True
FT07377,1,1,True
FT07392,1,0,False
FT07582,1,0,False
FT07922,1,1,True
FT08619,2,1,True
FT08667,2,2,True
FT08893,1,1,True
FT08903,1,1,True
FT08960,1,1,True
FT09013,1,0,False
FT09014,1,1,True
FT09156,2,1,True
FT09182,2,0,False
FT09798,1,0,False
FT10562,1,1,True
FT10618,1,1,True
FT10678,1,1,True
FT10828,2,1,True
FT11154,1,0,False
FT11177,1,0,False
FT11531,1,0,False
FT11656,2,2,True
FT12398,1,0,False
FT12673,2,1,True
FT13961,2,2,True
FT14658,2,2,True
FT15058,1,1,True
FT18164,1,1,True
