"feature_id","mz","rt","qc_detection_rate","qc_cv","qc_mean_intensity"
"FT00004",55.0546304522175,50.6542167663574,1,0.0905041426448808,8781665.56316617
"FT00048",68.9822953237566,34.5439109802246,1,0.0696975758741774,1820668.36462508
"FT00050",68.9972496807621,57.4057998657227,1,0.0852084693794257,2175872.97972757
"FT00061",72.0808314450149,50.3334281481689,1,0.0859276796137625,1316096558.11861
"FT00067",73.0778171474506,50.6353454589844,1,0.0823019951584843,3932187.58820353
"FT00096",81.0860712240522,34.9220390319824,1,0.0362263953552575,1989331.02620114
"FT00106",83.0215702413259,23.6518878936768,1,0.051270124036269,33727637.7770167
"FT00118",84.9596932885946,34.5374641418457,1,0.0662097681266762,51462237.4032921
"FT00126",85.0841161971665,40.0785655975342,1,0.0454939745153876,667811.546253695
"FT00128",85.1011733467834,518.253234863281,1,0.0767598277826212,3362503.57203471
"FT00136",86.9927173857204,34.5381507873535,1,0.0804145760633577,32900992.2529641
"FT00137",87.0076682208326,57.4385795593262,1,0.0624131645467303,1967225.80287259
"FT00146",87.9935259023351,34.5431003570557,1,0.0840384383679072,3939466.05818139
"FT00154",88.9902131209551,34.5638122558594,1,0.0673889439555054,4422061.1281058
"FT00155",89.0418848659923,60.6582679748535,1,0.0852680660347085,1545943.62432411
"FT00179",91.0048646974805,37.6623973846436,1,0.083344603748516,256421.885435145
"FT00187",91.979852562041,37.6429824829102,1,0.0351551917041805,3806046.04824449
"FT00192",92.9808139185794,37.7770080566406,1,0.0443380852501807,1463965.24398341
"FT00209",95.0239400625874,60.6582679748535,1,0.0850536544087557,1258635.84959117
"FT00210",95.0478799953824,51.0521297454834,1,0.0529512792586692,1540874.48742925
"FT00212",95.0490700849296,530.735107421875,1,0.0224168364991101,625309.633909583
"FT00214",96.0079326061409,60.620244,1,0.0804585269579533,4845418.9369454
"FT00221",97.0284042119499,44.1387329101562,1,0.0472674059646972,2631413.85269034
"FT00234",98.9841361162568,41.9777526855469,1,0.0664058998637875,93661366.377634
"FT00235",99.0440115640502,54.6026020050049,1,0.0547313600676957,1960341.29293826
"FT00238",99.1168192779588,554.778900146484,1,0.0787700867024909,289686.512578735
"FT00247",101.008362834437,34.5513763427734,1,0.0804910703409594,75941493.1574379
"FT00248",101.023319771531,57.396858215332,1,0.0827242102229384,1589996.3419388
"FT00256",102.009164595767,34.5915603637695,1,0.07732582820816,8869870.121352
"FT00265",102.5707868449,35.4484062194824,1,0.0827548963209691,5702475.13132531
"FT00271",103.005886368427,34.5439109802246,1,0.0706488303941123,9660412.95959496
"FT00272",103.012561023102,34.5381507873535,1,0.0914762258791801,454578.673541112
"FT00274",103.038945104488,46.6705093383789,1,0.0684446153349305,6611200.2957202
"FT00295",104.106928063879,39.7060008,1,0.0131624494879746,345960116.752944
"FT00297",104.126266537033,35.1448593139648,1,0.0910036097063555,4966375.44602753
"FT00303",105.003267837017,34.5410232543945,1,0.0818065712676693,111509179.725359
"FT00306",105.033506705053,534.465637207031,1,0.0323154421896478,2253311.23847449
"FT00313",105.103854814881,39.3516635894775,1,0.0807410677703141,1044982.40988265
"FT00317",106.004038625075,34.5439109802246,1,0.0705957710496134,13396401.2902394
"FT00325",106.11118312548,39.6981887817383,1,0.0606151804616946,488708.808047861
"FT00326",106.950540128781,37.8813285827637,1,0.0599482979523164,10366806.5598989
"FT00327",106.963118299538,28.3616428375244,1,0.0796911794798977,1648022.63519555
"FT00328",107.000781929678,34.5431003570557,1,0.082310880085099,14379644.6273085
"FT00329",107.007505526999,34.5422897338867,1,0.0638746793377078,832089.046237772
"FT00335",107.070247736545,393.422271728516,1,0.0721195324171379,728665.158622801
"FT00341",108.948709297565,37.8813285827637,1,0.0725597915195281,726853.056461755
"FT00355",110.071271793129,37.3383750915527,1,0.0426087774156847,1964856.21717427
"FT00365",111.116852270543,556.950927734375,1,0.0526383803189368,1740369.83324407
"FT00366",111.116853271645,347.150665283203,1,0.0682496744212749,551735.917812926
"FT00381",112.999840985876,41.9606895446777,1,0.052601796547104,8854536.09536493
"FT00384",113.034583725995,51.8436241149902,1,0.0596978951116643,104644467.674737
"FT00388",113.059645458267,75.3873252868652,1,0.0676450833472718,2219461.19354338
"FT00397",114.031521504753,60.615837097168,1,0.0685100494262134,4947543.5028867
"FT00407",114.98763721292,34.5575942993164,1,0.0592672320101701,4583599.22530952
"FT00411",115.05034643338,50.6351318359375,1,0.0645781429304003,25255892.8882608
"FT00413",115.075375546886,297.669677734375,1,0.041079141877702,2965598.73772124
"FT00421",115.578594523489,35.5239143371582,1,0.0383263472326823,2726378.14079718
"FT00434",116.985918734534,34.5279350280762,1,0.0803607427115894,107491083.801323
"FT00439",117.069882179031,558.858276367188,1,0.0398195320161649,592304.921194081
"FT00445",117.576047994976,35.449161529541,1,0.0752525405882695,3144191.23536654
"FT00452",118.044391403805,50.7161350250244,1,0.0874771751853725,15217847.362274
"FT00457",118.065169606288,201.004328685547,1,0.0515765685251,432537.013098997
"FT00462",118.127884085438,50.7204933166504,1,0.0918251107667718,15361747.048734
"FT00466",118.942531778745,27.0886430740356,1,0.0643808089046326,2847699.77762812
"FT00486",120.019665852329,34.5363330841064,1,0.0837504860284137,42248628.6301861
"FT00495",120.092478570281,50.5831756591797,1,0.0929951862294478,23254622.3630745
"FT00497",120.979238027511,778.552673339844,1,0.0791752316693851,19060505.9249136
"FT00498",120.98066405755,34.2314910888672,1,0.0879242305021684,49307400.7996003
"FT00501",121.016359765575,34.4404449462891,1,0.0868151849590339,47350302.0812367
"FT00503",121.028356499822,530.735107421875,1,0.056871946839668,222801.378586579
"FT00521",122.019685954067,34.5398902893066,1,0.0570181148869817,807768.428221783
"FT00532",122.974771465437,778.254821777344,1,0.0912145776356037,6587059.60792314
"FT00559",124.583819690724,35.5001907348633,1,0.0524217451947621,8108227.93782039
"FT00562",125.023275375469,135.660263061523,1,0.088096730983628,549868.566840529
"FT00570",125.070881127326,34.8777465820312,1,0.0704647966864936,1240618.19236311
"FT00580",126.981433642046,780.415893554688,1,0.0255990035304559,4956225.63358554
"FT00585",127.03880313906,76.393684387207,1,0.0339238716799415,6146036.2888151
"FT00603",128.081749564274,47.5521755218506,1,0.0858162098880777,345194.773260469
"FT00606",128.979617991922,780.416137695312,1,0.0433080807473742,2099901.00699296
"FT00607",129.018170801334,57.1157531738281,1,0.0518099188505544,245947353.666445
"FT00613",129.069758812514,438.467636108398,1,0.0799132031755524,880372.863224074
"FT00619",129.127340421608,540.408477783203,1,0.0313754567969485,1417284.07349122
"FT00622",129.576041002895,35.7518825531006,1,0.0292507139137638,4008862.12430017
"FT00629",130.021513916993,56.9110679626465,1,0.0585346055151186,12712715.7506871
"FT00636",130.073166746041,499.747222900391,1,0.0681847695470036,361919.426408981
"FT00649",130.965127793598,34.3679275512695,1,0.0740550642749249,32477651.9303516
"FT00664",131.129069581019,36.6642456054688,1,0.0641231533085649,27845269.5839845
"FT00683",132.132430604511,36.6638679504395,1,0.0712826133804555,1342180.91672554
"FT00690",133.034482897328,764.169647216797,1,0.0823373525437116,31722099.242906
"FT00693",133.049404701016,60.6775684356689,1,0.0652506339568377,9421671.58403091
"FT00700",133.584078951463,34.9217910766602,1,0.0245482671832526,51288194.3615262
"FT00703",133.998897671964,34.5513763427734,1,0.0702487829561256,3986864.21564324
"FT00708",134.044631491844,40.7592506408691,1,0.0807052322640759,7924011.71941878
"FT00714",134.085687345643,34.9220390319824,1,0.0299315808363394,6470474.31533306
"FT00722",134.996299244694,34.2223205566406,1,0.0884229522295883,70437228.5468385
"FT00723",135.023137231927,775.800964355469,1,0.0844695610875094,6337279.52120058
"FT00727",135.038545424069,34.5422897338867,1,0.0891227215664621,2721193.57469657
"FT00743",136.061786042319,248.12174987793,1,0.0903137544108441,1898023.68750164
"FT00744",136.073285879607,253.663772583008,1,0.0653646275173188,1588661.26169723
"FT00764",137.13240814944,528.578308105469,1,0.0560531447051314,1031640.44009104
"FT00770",138.06607272411,34.9219150543213,1,0.0615455365710355,1752165.4639743
"FT00771",138.089223397545,35.5776176452637,1,0.0924989951541089,905644.043371447
"FT00779",138.581238106785,35.7503318786621,1,0.0471809864059174,4717135.82685128
"FT00784",139.002494346876,57.6180229187012,1,0.0575136675881796,66870061.9950044
"FT00787",139.026932925465,34.5439109802246,1,0.0853937391527611,5989243.81874095
"FT00797",139.952832874177,780.715637207031,1,0.0378907886897796,3703082.49992195
"FT00800",140.00591806837,57.3918285369873,1,0.05415093470099,4031644.9662283
"FT00821",141.090891223778,529.474426269531,1,0.0711687816325938,1786924.47842563
"FT00837",142.158984282532,565.103393554688,1,0.0741697088064383,296736.046814738
"FT00844",143.033853620713,82.0474014282227,1,0.0826856063620566,1510951.01200109
"FT00857",143.091159532952,34.2149810791016,1,0.0929394084275968,1936533.47885825
"FT00905",146.081033322763,40.6436576843262,1,0.0474975402460287,4486143.03133351
"FT00918",147.028799262802,57.7607536315918,1,0.0549045551448154,200405167.284647
"FT00923",147.054533526291,36.3583297729492,1,0.0519505034718006,429610.025171249
"FT00934",147.112640274087,36.359489440918,1,0.0658373951207228,759913465.368739
"FT00948",148.016986722128,34.5422897338867,1,0.0815955254913256,1361788.03332439
"FT00958",148.10966316535,36.3590240478516,1,0.0614065820686759,5469421.18098752
"FT00959",148.115864188666,36.3697853088379,1,0.0666130410080599,50495655.7207148
"FT00965",148.975556142485,34.2333488464355,1,0.0790217488791888,43169570.2193759
"FT00972",149.023179622208,580.305358886719,1,0.0454243251965055,1230250.85939065
"FT00974",149.023249591717,675.278442382812,1,0.0675580416025046,2790529.736578
"FT00977",149.032984784873,56.9879722595215,1,0.0598358307713824,1724653.93145902
"FT00980",149.059654436082,530.735107421875,1,0.0521087696229666,837452.062745314
"FT01034",151.075239452472,440.624084472656,1,0.064528128248095,2977089.15978841
"FT01046",152.031688447885,62.2549228668213,1,0.0399653637838426,47468441.7889099
"FT01068",153.034999149245,61.3851661682129,1,0.0838817605874649,2218677.07025178
"FT01078",153.094423735596,35.7317428588867,1,0.0627265633937194,1103488.48012533
"FT01081",153.127267764106,486.948699951172,1,0.0611675361392177,1141960.39507127
"FT01091",154.083667356556,79.0716857910156,1,0.0665236870438807,55722712.0216895
"FT01101",155.010218127011,42.7457504272461,1,0.0536558455967522,6809009.51556133
"FT01110",155.086916583657,84.7660522460938,1,0.0542090004396835,12257252.0226388
"FT01112",155.106515016563,460.413146972656,1,0.0252787384087539,1375657.71223103
"FT01119",156.026538175919,40.0096321105957,1,0.0358095598376582,1981190.62435926
"FT01136",156.174594097716,588.675476074219,1,0.0766366046060785,112821.464723107
"FT01142",157.013066970875,57.3867988586426,1,0.0515214818232187,68285400.0138014
"FT01145",157.047040838109,62.8931140899658,1,0.0410235679764767,8143304.51058767
"FT01154",157.083399084889,223.191596984863,1,0.0897343076486416,1410083.73090221
"FT01166",158.016413549544,57.3240814208984,1,0.0708028323187581,4052952.65697195
"FT01180",158.153835891451,492.880264282227,1,0.0212698156730996,5112980.48904663
"FT01189",159.02759630253,53.9740295410156,1,0.0584230883264127,5518072.78549999
"FT01206",159.157180097775,492.881742,1,0.0403628388727111,417498.994541785
"FT01211",159.967544558722,37.57701,1,0.064960533823784,4131762.11641977
"FT01235",161.011944486063,53.764892578125,1,0.0791000028657596,922636.406243268
"FT01239",161.044255457382,57.8783111572266,1,0.0806506499247895,1956458.1614234
"FT01248",161.095962921063,500.059524536133,1,0.0410873937290463,488959.618322267
"FT01252",161.128318663049,36.3590240478516,1,0.065645089194438,2486450.35540004
"FT01253",161.132373833915,537.90478515625,1,0.0510919024071703,1311379.33794849
"FT01254",161.164653223899,35.7519187927246,1,0.0794942200418222,6434818.33993251
"FT01284",163.038889168644,675.276916503906,1,0.0663542435651214,563196.25014779
"FT01386",167.04930946713,775.805297851562,1,0.0316356221932886,10600872.6937572
"FT01389",167.070181887587,531.044982910156,1,0.0130797160012535,9015166.53010253
"FT01408",168.041920622062,251.530395507812,1,0.0664172372011438,278424.378167907
"FT01414",168.073474235029,531.04296875,1,0.0421227984882432,797098.912061475
"FT01430",169.047010003621,226.684829711914,1,0.0725892735714298,198691.69127914
"FT01432",169.06067067337,46.1223011016846,1,0.0882490684577639,925736.934170682
"FT01451",170.02114641924,287.995193481445,1,0.0853805927845946,1250654.67876051
"FT01499",171.978956014196,780.437622070312,1,0.0272065190740285,9773201.30323196
"FT01532",173.055590750631,44.8847160339355,1,0.0761081622947589,1434131.01115106
"FT01547",173.136490317349,630.679077148438,1,0.0904277019618591,129583.306341667
"FT01555",173.977266225208,780.482299804688,1,0.030138256634364,4306841.84128391
"FT01564",174.038505535145,46.4174118041992,1,0.0921962853310845,552985.290724666
"FT01582",174.546895342179,105.855178833008,1,0.0923782185665287,230910.554646504
"FT01586",174.93791779769,37.8568553924561,1,0.0841455452507617,8484586.64366031
"FT01590",175.02352547946,57.3107872009277,1,0.0505975736083233,183256489.577071
"FT01611",175.118823882567,38.5041465759277,1,0.0709883717063488,306153839.332023
"FT01619",176.02693831857,57.8908462524414,1,0.0533953399295465,11709727.8771717
"FT01636",176.116115258777,38.5091609954834,1,0.0800365203921143,3937728.04758432
"FT01637",176.122048219468,38.5041465759277,1,0.0685265919384255,19033103.5117514
"FT01644",176.791853294033,31.7867908477783,1,0.0913602512620929,212908.380205835
"FT01655",177.024382383009,39.3278846740723,1,0.0748030008609686,14324877.4050407
"FT01659",177.054511870124,482.251663208008,1,0.0612457020891255,1127122.91797146
"FT01660",177.060790783696,37.8449420928955,1,0.0922942896008178,798402.580326767
"FT01682",178.058483143975,38.1841068267822,1,0.0852054155139373,15243004.9573226
"FT01701",179.039886375516,34.5716075897217,1,0.092002755386697,8443448.98704719
"FT01704",179.061874673258,38.1390190124512,1,0.0844689423378063,880536.871781908
"FT01712",179.106536105273,484.894119262695,1,0.0218634942013635,4136148.06993568
"FT01732",180.109859413461,479.427276611328,1,0.0458917905227172,415099.683180528
"FT01737",180.135714348192,492.879577636719,1,0.0420455188526386,2408174.55999144
"FT01754",181.028612716906,775.861145019531,1,0.0862459356763165,43315877.3614909
"FT01759",181.049394099093,675.277709960938,1,0.0402708175405518,1030003.48649961
"FT01767",181.085881799753,456.091598510742,1,0.0845418352526642,1268583.20331551
"FT01776",181.122221107417,450.81803894043,1,0.0887142568099544,347455.225438067
"FT01781",181.139050361389,492.880264282227,1,0.0695066515577782,166092.70516622
"FT01794",181.987060384095,789.893615722656,1,0.0636765744022278,78001750.4476575
"FT01808",182.097243620176,35.7677268981934,1,0.0727706625265519,6201333.38165414
"FT01817",182.767953738713,32.4042434692383,1,0.0673276293605333,870592.578645846
"FT01832",183.098980998154,441.248031616211,1,0.0880398459576115,1168370.62400745
"FT01850",184.057974508266,62.136384,1,0.0341500877199349,5624056.46232582
"FT01890",185.114670834143,393.420486450195,1,0.0427850234409256,9933170.15011435
"FT01910",186.052480301825,307.797821044922,1,0.0564056519170066,208127.277681427
"FT01922",186.118032852101,393.411666870117,1,0.0479463216938909,720537.743227464
"FT01926",186.221533350048,546.978149414062,1,0.0375525534812065,1039838.21633609
"FT01959",187.144005620672,185.364303588867,1,0.0542228378899677,2066664.58541819
"FT01962",187.224893312834,546.947143554688,1,0.0541727004083992,106097.521387538
"FT01975",188.031666801599,41.2261276245117,1,0.0548095413783686,653336.76319378
"FT01996",188.17558729164,39.3745231628418,1,0.041758187271249,195671921.597784
"FT02040",190.082072116479,61.5881958007812,1,0.058839393892861,1740663.10342774
"FT02068",191.085407666301,571.381591796875,1,0.0761061752801813,179802.02726726
"FT02073",191.127637126227,430.059448242188,1,0.0634213693354351,1694049.27029972
"FT02077",191.164000793901,477.87141418457,1,0.0592647941535153,1245163.18628565
"FT02090",192.032372671658,47.0267448425293,1,0.0923920585542899,4217863.8333005
"FT02096",192.073665926198,38.1494064331055,1,0.0766625893087052,429758.473758812
"FT02114",192.990589098841,130.989349365234,1,0.083365008015014,324033.178694698
"FT02116",193.034195217551,57.2943992614746,1,0.0564007972963357,150598204.300202
"FT02125",193.099208208737,118.054588317871,1,0.0749611575252573,200274.522651275
"FT02126",193.113280556658,33.9408988952637,1,0.0858330561982568,7371018.32731039
"FT02129",193.131446630761,215.172203063965,1,0.0651544813667684,875188.383303065
"FT02145",194.037456772792,57.3918285369873,1,0.0566220655362965,9628874.65756132
"FT02158",194.151506798527,545.740692138672,1,0.0796039636394119,157282.395510732
"FT02172",195.006221580053,209.266273498535,1,0.0713063541383707,395316.114815823
"FT02177",195.038116419779,57.4713592529297,1,0.0758496671022796,1834911.94300608
"FT02185",195.101493960227,530.735107421875,1,0.0184991677076716,111403696.324195
"FT02197",195.138000199805,497.260314941406,1,0.0727463470013111,557526.376486788
"FT02226",196.10474177495,530.735107421875,1,0.0212066524902805,13101250.8373061
"FT02261",197.10074087929,38.4908981323242,1,0.0817310015938832,29048430.2485577
"FT02264",197.106907533034,530.735107421875,1,0.0320899634184936,691531.504753971
"FT02283",198.052428875481,330.543304443359,1,0.0632632637534158,680309.775316276
"FT02310",198.593481237115,35.7519187927246,1,0.0531693963417045,1760108.03491982
"FT02319",199.010977661035,778.298767089844,1,0.0904678703232473,20595650.3842778
"FT02327",199.071264219895,44.8040561676025,1,0.0928021586816457,1353498.64902315
"FT02357",200.040461705687,37.8864555358887,1,0.0533236324025743,6416350.25662928
"FT02361",200.068096457044,326.879913330078,1,0.0731004016099022,379091.152213443
"FT02377",200.164373273231,437.538024902344,1,0.0494958649163024,750394.179158957
"FT02379",200.200773636028,592.5673828125,1,0.0554888244086383,2075591.30363277
"FT02399",201.015735264459,45.3917541503906,1,0.0725595486178694,759184.528152891
"FT02426",201.626517487383,118.319831848145,1,0.0628050862732853,1718969.75079895
"FT02436",202.04740371252,39.1043663024902,1,0.0905922344215922,344482.710410373
"FT02440",202.083734875925,273.887322,1,0.0505221323670132,1267660.92010217
"FT02457",202.2163923383,493.191467285156,1,0.0360193758995937,590218.314382861
"FT02464",202.634161870315,33.9286270141602,1,0.0643998901430626,2746747.93677596
"FT02466",202.986073052324,69.9819030761719,1,0.0880881577630981,224927.97320871
"FT02476",203.066117419918,43.9560710546875,1,0.0917607966524871,2146828.85437003
"FT02486",203.106541534557,532.599945068359,1,0.0872937084725071,179682.777816439
"FT02503",204.041832334301,138.684875488281,1,0.0919380312324938,3548769.51267955
"FT02504",204.063041181321,65.0647277832031,1,0.0406277525362904,4567532.18388052
"FT02515",204.134160413024,35.4527816772461,1,0.074067611194485,6757696.15061007
"FT02530",204.97931704263,76.6187171936035,1,0.0571442273156578,348665.623907893
"FT02545",205.085985049019,580.620971679688,1,0.0519841333065609,395832.335004617
"FT02553",205.122337297744,498.499847412109,1,0.0394709483128921,638897.323963549
"FT02578",206.065840913186,46.401798248291,1,0.0853260919463891,538831.076248648
"FT02600",206.617982871027,54.9506168365479,1,0.0861354710639303,15504832.6970553
"FT02615",207.049969758795,57.8908462524414,1,0.0634590868551356,4856255.78614681
"FT02617",207.073794058799,79.5253677368164,1,0.0652830977764409,15440145.4558777
"FT02648",208.069134523181,46.1363143920898,1,0.0564639047981827,679371.550830309
"FT02713",209.623923051354,34.5532493591309,1,0.0295069981293286,2231996.37694799
"FT02725",210.060690339384,56.9879722595215,1,0.0377395445683008,23685646.0386241
"FT02745",210.156862401349,560.710266113281,1,0.0892016218893873,108630.755181872
"FT02756",211.064008534609,57.0185203552246,1,0.0762204935374352,1297910.40324255
"FT02760",211.093869954234,480.382507324219,1,0.0809328941121028,749568.492456702
"FT02797",212.052871294205,70.2219161987305,1,0.0553763341165065,4489093.88817476
"FT02798",212.052731697191,565.715667724609,1,0.0794771898771682,80343.297405778
"FT02807",212.099142951284,320.728315083984,1,0.0817541708648612,1700410.8019747
"FT02834",213.074643577702,38.4831275939941,1,0.0379050402015058,2341007.17052571
"FT02842",213.109530534045,419.544555664062,1,0.0549569072980637,764996.927252539
"FT02847",213.123313654575,254.347160339355,1,0.0691457415395454,381747.821466538
"FT02873",214.051117653516,42.6099891662598,1,0.0353287185097511,7513319.46185147
"FT02882",214.089435923048,461.054562,1,0.0373818449551211,1262906.61350714
"FT02923",215.016062213475,45.2080402374268,1,0.0652167548071931,163951121.613236
"FT02934",215.104148425005,499.746459960938,1,0.0900939490659828,4759021.11691832
"FT02949",215.256189893161,579.393798828125,1,0.0641481494509701,443625.339808054
"FT02968",216.014432819903,38.1822395324707,1,0.0549749774690213,420591.993449993
"FT02969",216.019381371693,57.636661529541,1,0.0772770645328552,10049724.2577382
"FT02970",216.030058924976,116.016593933105,1,0.048561279853436,2146764.8899165
"FT02980",216.097809222833,43.8275699615479,1,0.0641544851866913,9078593.74697899
"FT02984",216.107493871555,499.746780395508,1,0.0777497127840987,555074.197969463
"FT03024",217.041995276761,71.4118690490723,1,0.0877768757668583,370450.39122644
"FT03029",217.081855699278,46.1312599182129,1,0.074414438300867,8598540.89846416
"FT03030",217.083417720302,530.73486328125,1,0.0594613791782666,15089942.716793
"FT03031",217.094675460257,231.63410949707,1,0.0561925278257725,2324225.03614129
"FT03041",217.122258250628,516.028442382812,1,0.0362358303246588,1453075.04256529
"FT03051",217.179760208691,541.365054,1,0.057598938002031,1014149.80897254
"FT03071",218.085184074452,46.3805351257324,1,0.0671879057275842,666387.429515623
"FT03073",218.086723760232,530.735107421875,1,0.0609549064469636,1688386.36572669
"FT03096",218.211332404314,404.833679199219,1,0.0206253829696497,1868979.91636575
"FT03098",218.605564101886,267.979034423828,1,0.0688384224968185,334443.420080677
"FT03116",219.04729301049,444.318939208984,1,0.0723329740383934,982230.788619883
"FT03123",219.082679845341,38.1886863708496,1,0.0351226442744,11739333.6924492
"FT03144",219.599905942112,267.675750732422,1,0.0281911897806175,564499.990534323
"FT03153",220.060240217917,76.8919372558594,1,0.0764584270907546,349824.29109049
"FT03157",220.085928263323,38.1822395324707,1,0.0491599363063744,650301.302404728
"FT03162",220.112026119471,575.127532958984,1,0.0459016832732217,426370.350568873
"FT03174",220.594304328519,261.034606933594,1,0.0730490192657491,2663041.75313311
"FT03220",221.623972503191,33.6299743652344,1,0.0902393698128762,521474.208111831
"FT03230",222.056747817165,48.5730514526367,1,0.0729482414407619,396862.003927643
"FT03248",222.182755101702,592.5673828125,1,0.0457237398476224,934271.085433084
"FT03276",223.096401817467,481.939147949219,1,0.0306663818333477,3133738.48412621
"FT03300",223.585721869927,103.387351989746,1,0.0727262396333393,144235.030694608
"FT03327",224.099655826722,481.939270019531,1,0.0538931160413679,324991.909348677
"FT03381",225.195987103445,506.627563476562,1,0.0478238704556564,700816.585571255
"FT03412",226.594295644313,267.741058349609,1,0.029134312367526,11182449.5348356
"FT03424",227.078970636137,274.114105224609,1,0.0871542535459861,539453.782530319
"FT03427",227.09607508,267.673858642578,1,0.0565802896149888,2029178.08624559
"FT03430",227.104060179527,498.559326171875,1,0.046603364560786,675452.266673075
"FT03438",227.127676524725,529.474670410156,1,0.080847449168566,1105223.73309729
"FT03467",227.95452691922,37.589111328125,1,0.0725336983112073,6759488.5042554
"FT03517",228.955474771955,37.5793037414551,1,0.0675485461672052,2116256.33778434
"FT03521",229.031751561035,82.0524291992188,1,0.0801990553087297,2088919.2308882
"FT03534",229.119854824018,524.760620117188,1,0.0738742264542516,3261103.38854817
"FT03592",230.123171082565,524.772546820313,1,0.0639598282318942,381322.547916044
"FT03610",230.247790549775,543.203002929688,1,0.0435662607871172,5278831.10969573
"FT03628",231.07402425445,322.56169128418,1,0.0929985391875512,875588.744791857
"FT03650",231.135519686901,560.399108886719,1,0.0597327999535944,865419.201859539
"FT03660",231.251115386132,543.214569091797,1,0.0545657631006563,710308.214900505
"FT03715",232.89644208213,38.7350234985352,1,0.0297160254238049,6230370.89651467
"FT03724",233.01186666339,439.701171875,1,0.0772591470780232,116152.952459719
"FT03729",233.060026646664,272.352783203125,1,0.0902390992154977,435933.055440632
"FT03737",233.093646419657,546.087249755859,1,0.0812148398056445,102792.590518954
"FT03762",233.602198899639,261.330932617188,1,0.0547582304654843,4532956.46213517
"FT03776",234.084769555897,79.9180908203125,1,0.0490230774027106,32038176.232167
"FT03779",234.104030146162,261.330932617188,1,0.0872558665686198,886493.738724542
"FT03787",234.144720480892,35.449161529541,1,0.0515691860867986,1681323.88298467
"FT03793",234.193282954324,557.909027099609,1,0.064528968705081,101581.36624994
"FT03799",234.605155118789,258.152252197266,1,0.079530102403497,655444.021013531
"FT03813",234.893640564632,38.7350807189941,1,0.0916288870593551,2150782.45681139
"FT03824",235.056589149384,38.1988334655762,1,0.0710726078927685,1049567.94638735
"FT03832",235.087960770892,79.9174499511719,1,0.043451807097051,2738636.42392749
"FT03842",235.13338467979,32.7256240844727,1,0.0725944639059728,298079.47819364
"FT03852",235.169202762917,567.891784667969,1,0.0208284387225046,4901353.58327682
"FT03882",236.113616525118,564.461395263672,1,0.0703814417025755,1014070.27611716
"FT03898",236.172521361074,567.913757324219,1,0.0452897589702175,681327.222395282
"FT03906",236.629232665844,33.3558082580566,1,0.0853772698212975,227151.344477636
"FT03928",237.084309265077,286.041534423828,1,0.0921198106078061,428474.306249571
"FT03931",237.10373693325,96.1417770385742,1,0.0837023363051383,666650.86527601
"FT03934",237.112051718086,508.184295654297,1,0.065038515619381,948469.502681306
"FT03941",237.146006629328,538.849273681641,1,0.0789631350080456,1315007.39682192
"FT03946",237.163697750935,631.658721923828,1,0.0898331241572367,497759.780248126
"FT04023",239.104151809093,516.029174804688,1,0.042132539299929,1530649.47506853
"FT04031",239.136921811862,33.9415512084961,1,0.0668642652363792,1246101.01812816
"FT04039",239.161691448393,555.707458496094,1,0.0295575270460721,6870261.7658824
"FT04042",239.200484401683,595.234069824219,1,0.0688754304604604,528654.246038287
"FT04078",240.16734499965,555.599395751953,1,0.0880749589949067,970433.339115597
"FT04097",241.083868301956,307.454132080078,1,0.0509756468968029,7223089.84420229
"FT04098",241.094743386465,325.638000488281,1,0.0659111313094747,2899067.99094531
"FT04102",241.119695206799,515.751922607422,1,0.0434540178928475,331108.888636741
"FT04107",241.140903787238,508.486419677734,1,0.0561819877866904,1270211.42159217
"FT04121",241.57090455935,306.255950927734,1,0.0794283404878548,1077083.58831323
"FT04123",241.599612720596,258.083099365234,1,0.0363977628994869,13886039.9735168
"FT04149",242.092102249473,325.369384765625,1,0.0917448892047246,395520.255004327
"FT04168",242.211316535184,529.78369140625,1,0.076958590805245,300351.242800351
"FT04212",243.108467600435,43.9600067138672,1,0.057609449384895,1782368.47856196
"FT04289",244.263444148565,539.47607421875,1,0.0907401882309246,147457.848160995
"FT04290",244.29038882607,603.237365722656,1,0.0163407931593995,7154666.24845302
"FT04310",245.011976200111,38.7959327697754,1,0.0697974087172111,1330085.15356842
"FT04317",245.076641257424,60.620244,1,0.0894810559897805,927263672.539888
"FT04344",245.293545577424,603.2353515625,1,0.0804021558829497,276925.507177553
"FT04373",246.073726834485,245.016525268555,1,0.0710594804777655,593718.340858193
"FT04374",246.079804575506,60.615837097168,1,0.0895450137676472,92287414.2597201
"FT04405",246.242626905997,485.691802978516,1,0.0325774710763115,8852641.49972731
"FT04416",246.64444780465,220.052398681641,1,0.0783006345912471,122665.29406599
"FT04431",247.083907113978,290.227661132812,1,0.0578367940372362,3737058.78263767
"FT04432",247.083995309597,214.445465087891,1,0.0771384888467865,369888.366500634
"FT04452",247.169171921736,585.086364746094,1,0.0667697086048067,754425.167362777
"FT04456",247.245949049657,485.692443847656,1,0.0328035710567578,1195230.74096839
"FT04462",247.585684133258,290.235443115234,1,0.0785466659660787,770764.000010014
"FT04493",248.10299134225,210.927947998047,1,0.092411429789875,230118.118740665
"FT04538",249.064425996291,328.405334472656,1,0.0766665216802906,907580.556754038
"FT04547",249.109663669631,529.474670410156,1,0.0904201397826095,4840412.23855474
"FT04568",249.182582686411,571.618896484375,1,0.0422093864791493,3269322.93690906
"FT04579",249.585797192853,258.086273193359,1,0.084596707096884,3735153.00868942
"FT04599",250.038407074712,138.68669128418,1,0.0814387003616346,3072093.79065557
"FT04607",250.086241270552,626.600280761719,1,0.0626317076377148,344426.709691783
"FT04610",250.098359072299,352.392883300781,1,0.0701784079495743,1079673.17248861
"FT04615",250.116180376569,237.851058959961,1,0.0697984165729873,7123207.34687929
"FT04628",250.177608882746,503.815414428711,1,0.0260553697152653,6695437.57660911
"FT04630",250.188154508179,571.413482666016,1,0.0521868970008194,487759.805589906
"FT04638",250.586837177947,72.6237258911133,1,0.0622861378398533,2222766.84897969
"FT04639",250.59097949697,307.7978515625,1,0.0770298760310429,368100.228073138
"FT04663",251.058863783979,439.701599121094,1,0.0633408077382693,360134.895831112
"FT04695",251.180846127695,503.815124511719,1,0.0401200604636558,809211.432286819
"FT04718",252.02601179552,340.374389648438,1,0.0802505762134509,232173.264813917
"FT04726",252.085862920792,299.468414306641,1,0.0470711456568693,1218383.76636616
"FT04728",252.095403983568,46.4174118041992,1,0.091846964167083,699084.541881957
"FT04750",252.195776354922,599.877136230469,1,0.0571165340406749,3805447.88984544
"FT04767",252.758365498124,211.000350952148,1,0.0925760677752777,407248.928883384
"FT04779",253.078124268397,299.218566894531,1,0.0155023874022869,468137.508961289
"FT04781",253.097998431319,350.861053466797,1,0.086151521440276,1833592.18688549
"FT04786",253.106934786935,501.053497314453,1,0.0254572113808632,991092.794327811
"FT04797",253.15260545777,33.984001159668,1,0.0532215341441012,1224095.36445961
"FT04804",253.199146379395,599.922760009766,1,0.0585733467612974,533675.990793717
"FT04805",253.213818795655,635.082580566406,1,0.0714284126439135,1683386.85267112
"FT04835",254.110255000788,501.201812744141,1,0.0732016692637355,86853.8262368276
"FT04855",254.217065256559,635.328369140625,1,0.08880510975177,190645.690589537
"FT04884",255.094974861095,43.2228698730469,1,0.0723283790087537,8656514.32219826
"FT04891",255.127470327177,300.098052978516,1,0.0630952727271299,250425.389184827
"FT04894",255.15714133764,497.271072387695,1,0.0122878419296278,27421172.7133895
"FT04930",256.098191585343,43.0489559173584,1,0.0798651667824436,727271.769645755
"FT04943",256.162290538055,497.282302856445,1,0.0248284147556598,3920065.91775457
"FT04947",256.19068092522,555.424224853516,1,0.0379491045148065,657471.450922848
"FT04950",256.227068029986,552.611022949219,1,0.0869721849085506,582958.057823758
"FT04952",256.263433914831,651.610992431641,1,0.0843460967644207,6721660.98513648
"FT04961",256.604942323321,295.825927734375,1,0.0595965686861155,5148303.87605705
"FT04984",257.088022155879,357.591969213867,1,0.0535957929863716,4300004.70010725
"FT04994",257.135804314776,441.556121826172,1,0.0641811950310083,789394.560838127
"FT04999",257.151145154592,599.586486816406,1,0.0694262994442677,22978324.1601806
"FT05003",257.164821616876,497.260162353516,1,0.074648874165638,253063.294904036
"FT05011",257.266744580999,651.626037597656,1,0.0823494831359945,1023909.98112841
"FT05017",257.567235839546,45.439281463623,1,0.0824787877196206,1934630.89193825
"FT05022",257.589819866545,357.591888427734,1,0.0763790789441827,853675.883416955
"FT05051",258.095679464333,565.069885253906,1,0.0701333068326764,513376.265512609
"FT05052",258.096015018684,288.183410644531,1,0.0702135091128696,506550.460245972
"FT05053",258.108442394743,53.3605823516846,1,0.0871125874419057,9792988.42324319
"FT05075",258.573107610861,72.830810546875,1,0.0913353387842332,747939.662973154
"FT05096",259.064037554809,37.2843246459961,1,0.0545037349306642,21038265.1894849
"FT05142",259.672617909914,311.820465087891,1,0.0849347534919811,140356.755338098
"FT05149",260.019708108818,43.9456939697266,1,0.0700527471938572,2275770.39751402
"FT05153",260.067357657568,37.2794799804688,1,0.0323508886794633,1481389.03276012
"FT05165",260.118578428818,324.162734985352,1,0.012802739231986,1342982.9004425
"FT05166",260.123953808994,46.383430480957,1,0.0855160745114857,3979318.08083164
"FT05225",261.146140536733,555.703308105469,1,0.0224831732945969,10477887.6909128
"FT05268",262.103339883222,41.8293838500977,1,0.0846988001918647,2816033.06433597
"FT05279",262.149491262324,555.716094970703,1,0.0348461648897883,1450167.44046547
"FT05284",262.178361295018,515.071899414062,1,0.0854149190613123,168003.742929292
"FT05286",262.201332841699,556.660217285156,1,0.068747515948608,602112.304592414
"FT05326",263.125371981667,524.152404785156,1,0.0828986862107986,394840.825186649
"FT05333",263.161735097027,489.432189941406,1,0.0735040755510297,409832.986655147
"FT05336",263.171264439815,47.8643951416016,1,0.0736631892300168,735990.308308074
"FT05339",263.198214537487,628.615783691406,1,0.0791598848301566,549957.879015396
"FT05341",263.244140083148,32.094051361084,1,0.0796999631067985,1053524.46215024
"FT05367",264.092179191299,258.246627807617,1,0.0601195789391415,1709383.61566045
"FT05374",264.131647724601,262.729766845703,1,0.0727873648054013,16728120.0442677
"FT05383",264.168279873033,218.836837768555,1,0.0474710538277687,2364080.83560185
"FT05397",264.593597763245,258.895080566406,1,0.0662986613191201,301830.719870479
"FT05419",265.038236167001,439.702575683594,1,0.0641381590675202,1582108.87462456
"FT05429",265.085718503708,278.192047119141,1,0.0717545807315322,1071252.22585324
"FT05430",265.088317116535,38.1292629241943,1,0.0791561573498144,1202171.49230636
"FT05435",265.102117719476,346.834991455078,1,0.0457741932123269,4590708.37138002
"FT05437",265.11585662427,324.100921630859,1,0.06793790581681,70059677.6039653
"FT05464",265.603894999983,346.819885253906,1,0.0572824071974489,1191726.52925646
"FT05490",266.074774230184,47.3034744262695,1,0.0149974777106207,2138301.04228723
"FT05493",266.0898560799,271.993041992188,1,0.0767227303830772,244013.782809415
"FT05501",266.119086334941,324.098999023438,1,0.0749291608434361,8074712.22380478
"FT05524",266.447722304556,283.557189941406,1,0.0878772490485678,1281344.37097617
"FT05535",266.658163560475,33.6427459716797,1,0.0574087228368848,17309095.8991953
"FT05551",267.0586572166,60.8629570007324,1,0.0444398845496043,126560051.776791
"FT05565",267.131986151965,49.1228103637695,1,0.0881851469304259,1632120.7034893
"FT05569",267.156731711374,556.422424316406,1,0.0323422708108877,5570790.53778299
"FT05571",267.159865148136,33.6714782714844,1,0.070473085196632,3683372.24066095
"FT05573",267.171962684855,583.238067626953,1,0.0359655170509812,796235.103796076
"FT05582",267.615348678336,371.189758300781,1,0.0890100819417575,9950728.92362696
"FT05595",268.02797310845,37.5730743408203,1,0.0515879682691001,1702545.70181122
"FT05601",268.072637925604,103.023452758789,1,0.0455441956947792,1499033.96647532
"FT05605",268.113562600243,365.623382568359,1,0.0922022008904412,12419535.8949197
"FT05606",268.112930856282,284.084777832031,1,0.0573529658022505,355511.968164906
"FT05619",268.154229463568,497.599151611328,1,0.0809201831481198,364061.414754686
"FT05621",268.160074846806,556.660888671875,1,0.0350402093351219,699431.585711737
"FT05623",268.188232172287,503.509735107422,1,0.0309620639398139,813972.982371586
"FT05626",268.224596425885,485.693145751953,1,0.0635241603492848,324436.525736024
"FT05627",268.227138374483,561.000793457031,1,0.0731522813415917,133266.047596911
"FT05628",268.299885652388,610.668579101562,1,0.0419133204922876,1284736.87359826
"FT05648",269.056667509259,272.78157043457,1,0.0778948496953882,302729.221362901
"FT05651",269.063308630361,61.0804595947266,1,0.055731523355319,1411540.20749176
"FT05660",269.116772709788,365.615173339844,1,0.0850880349459677,765768.873143582
"FT05694",270.086660626669,306.279327392578,1,0.0605059401905123,699796.699416043
"FT05743",271.066516189645,175.230102539062,1,0.0628040422787046,211599.198213431
"FT05748",271.105257429935,280.292694091797,1,0.0828762223413052,1191215.86048927
"FT05768",271.188018508717,516.340148925781,1,0.05987052731619,491698.761453513
"FT05774",271.318843272739,622.09458,1,0.0282162708094146,11585808.8781646
"FT05801",272.078205840956,258.102279663086,1,0.0884902692959279,439921.866351242
"FT05810",272.128044161343,391.91943359375,1,0.0443450807483589,1514232.23327312
"FT05818",272.170279130524,571.912963867188,1,0.0449463408772284,261355.396632419
"FT05823",272.185585265138,497.271072387695,1,0.0399041967604634,4174218.32956097
"FT05829",272.258433509334,565.061706542969,1,0.0914314530703061,657566.841943574
"FT05830",272.322129964115,622.095458984375,1,0.0544259479789714,955455.984428373
"FT05834",272.570492280875,99.8639259338379,1,0.0881783007192947,727490.119070664
"FT05863",273.07209556561,100.250762939453,1,0.0884251300903916,150506.909399124
"FT05865",273.084507584825,95.8310394287109,1,0.0729015862335928,656404.92302638
"FT05869",273.101309339651,357.585723876953,1,0.0847842284289778,427686.540624162
"FT05871",273.109721641582,498.053387330078,1,0.0588589444862758,2292611.62312439
"FT05876",273.125143297745,599.859619140625,1,0.0519437975454465,772183.679018945
"FT05878",273.132072760699,114.329643249512,1,0.0757343823964221,1854192.06396666
"FT05883",273.146136553451,574.747955322266,1,0.0661567686501997,481912.68223601
"FT05894",273.188760407248,497.260711669922,1,0.0302238285338827,778728.753582246
"FT05950",274.274022240799,537.297729492188,1,0.0270074328401282,64445325.4334416
"FT05969",275.037908745668,37.4629001617432,1,0.0714541135471893,1297873.14936872
"FT05972",275.088900594561,501.017883300781,1,0.0867070643947239,1084552.58299736
"FT06000",275.221813632505,603.747131347656,1,0.0634700885282978,799166.699440541
"FT06001",275.258088735372,636.490051269531,1,0.0594231200079948,1064190.56834691
"FT06002",275.277337191766,537.309936523438,1,0.0240304228655203,10901386.2892831
"FT06028",276.117566000355,320.122283935547,1,0.0919335374204712,701137.950985721
"FT06045",276.261443656958,636.400817871094,1,0.0828134375996153,152484.147699018
"FT06046",276.280580681814,537.297729492188,1,0.0636231895013262,811113.117498189
"FT06092",277.140944042769,497.261688232422,1,0.0252646138753854,31211213.3366485
"FT06106",277.213844682633,641.742401123047,1,0.0471267448495659,1234655.5747824
"FT06141",278.144264672376,497.260711669922,1,0.0272330989142307,4522231.03800524
"FT06159",278.217199253781,642.189636230469,1,0.0913166057463754,179323.763891405
"FT06166",278.572547280649,55.541389465332,1,0.0828617849472361,28715736.4969806
"FT06189",279.091958102153,239.12928,1,0.0673859989994564,567856.520871054
"FT06203",279.146637113485,497.260162353516,1,0.0444610502640301,328048.763116759
"FT06206",279.159089407171,580.306457519531,1,0.0471213134649233,12156082.8089366
"FT06250",280.105714456763,294.851348876953,1,0.0913527984820555,260055.917461793
"FT06267",280.162458233466,580.305908203125,1,0.0429471280188639,1975056.70829901
"FT06319",281.122044356769,117.096473693848,1,0.0681224873092141,680795.463188882
"FT06335",281.245157403359,659.949829101562,1,0.0915760229915302,1823231.01611076
"FT06337",281.295104422826,592.92919921875,1,0.0795722406523303,165268.054613563
"FT06358",282.088249347722,171.444137573242,1,0.0682722557481563,353534.914982877
"FT06372",282.169959428993,531.334350585938,1,0.0677050054268453,244942.592742637
"FT06378",282.203835443117,503.813995361328,1,0.0234906098416755,23149900.9036683
"FT06400",283.032949029065,60.9208450317383,1,0.0628582683518249,1375571.15489325
"FT06407",283.084293858319,365.887878417969,1,0.0324495769946063,737171.33090677
"FT06410",283.105152839797,262.269836425781,1,0.0678209266151561,27137423.3376421
"FT06417",283.141549811919,444.293273925781,1,0.0844195546297624,6319924.83025021
"FT06421",283.151631334551,484.428126328125,1,0.0776682193243243,1435419.97223001
"FT06428",283.207190268508,503.813751220703,1,0.0287271567254585,3351660.8824745
"FT06447",283.71734147382,382.640930175781,1,0.0718906971991914,1029377.66528766
"FT06467",284.144927167342,444.318359375,1,0.0917518014178197,929715.408769202
"FT06469",284.154903092928,484.116790771484,1,0.0914116497258519,161176.793264115
"FT06481",284.210099526488,503.809661865234,1,0.0563163111578347,218904.085946272
"FT06482",284.219142939017,382.639801025391,1,0.0747687409667145,287897.237135031
"FT06484",284.222001457246,555.707458496094,1,0.0755115841686484,332153.686558837
"FT06493",284.608602713757,234.45133972168,1,0.09211941476407,355235.24880211
"FT06495",284.625577213559,413.118682861328,1,0.0348455449492648,15194917.8693236
"FT06509",284.910002489101,38.4952239990234,1,0.0688693114565319,6863137.86334587
"FT06522",285.103993323501,252.518966674805,1,0.0823097030190906,498691.262272039
"FT06526",285.121032809028,313.829315185547,1,0.0519550405240721,829730.163917943
"FT06527",285.127328634047,413.119110107422,1,0.0225852471090122,4254086.78019467
"FT06531",285.143680351683,566.003051757812,1,0.0632652721415034,337207.393587484
"FT06548",285.298181192034,672.263793945312,1,0.0911183736082413,351133.269904592
"FT06553",285.602924682,234.444942,1,0.0797901417789418,1411986.40364638
"FT06580",286.104738315096,234.395568847656,1,0.0731852744777787,322977.574490808
"FT06628",286.907043335609,38.4962825775146,1,0.0846126458098369,2131603.03690298
"FT06630",287.032434870463,91.1486434936523,1,0.0843318510420356,300129.811089478
"FT06644",287.12536154742,531.351684570312,1,0.0383197140680092,1118249.06002044
"FT06646",287.140731048609,551.016845703125,1,0.0607557210834706,733760.701241495
"FT06695",288.128685202545,531.353057861328,1,0.0790021121541986,140787.439594302
"FT06703",288.143013977359,37.5730743408203,1,0.0708110141260797,2460418.72452337
"FT06749",289.07704556271,117.103294372559,1,0.048179219013495,342725.860140685
"FT06755",289.132148191365,564.497680664062,1,0.0862823119701899,258615.296883139
"FT06763",289.149648299884,401.107666015625,1,0.0432290946921296,787193.783690213
"FT06764",289.153886955246,582.816802978516,1,0.0556499078061296,774866.790187209
"FT06829",291.011091573715,57.3381042480469,1,0.0804232473031395,2263513.97870119
"FT06856",291.171948728314,631.656860351562,1,0.0799108812732894,262559.585494027
"FT06861",291.229436226699,581.955261230469,1,0.0589563654332007,228623.892580623
"FT06893",292.123477948574,260.792877197266,1,0.0873124566744091,2284125.62251348
"FT06914",292.284628094206,636.58642578125,1,0.0684158946019875,366162.946248999
"FT06918",292.597358933644,234.444942,1,0.0839621747625072,12723518.8945607
"FT06939",292.941753953949,39.4133720397949,1,0.0610509968963656,1185969.45226204
"FT06943",293.099185126213,234.44586730127,1,0.074067666769069,2935386.59070949
"FT06962",293.174675709692,545.732788085938,1,0.0652942527248066,496392.674064354
"FT06968",293.218197501788,36.3615875244141,1,0.0775280861456781,560983.294617572
"FT07019",294.593841331664,234.444942,1,0.0776468840017655,229152.818386317
"FT07063",295.188134753126,532.288635253906,1,0.0464347606028769,1097153.32170915
"FT07097",296.098993451065,263.978393554688,1,0.066260797076907,3959220.15048567
"FT07125",296.256041552729,537.297729492188,1,0.0524227275362171,939735.41722197
"FT07132",296.627827384723,349.013870239258,1,0.0883717755138656,1178082.58491994
"FT07152",297.064414094065,439.702758789062,1,0.0639679350431353,726203.939854693
"FT07155",297.099582236588,312.732666015625,1,0.0325380200314145,5254763.10896726
"FT07169",297.158918535899,122.907363891602,1,0.0851499236779386,350748.884711442
"FT07176",297.203677420494,603.849060058594,1,0.0812705946059462,3114787.38187325
"FT07185",297.601297005247,312.745864868164,1,0.0655521948082864,1459868.18300292
"FT07203",298.101283694839,67.9581413269043,1,0.0819469300923715,982685.162484384
"FT07226",298.23771636917,555.703308105469,1,0.0329481971975635,391020.32681795
"FT07227",298.243445197558,636.574279785156,1,0.0920965052176215,385044.952366527
"FT07256",299.079071233825,262.595596313477,1,0.0760573170161638,334086.81080232
"FT07260",299.091375962206,245.492919921875,1,0.0838635818174206,948720.705881082
"FT07266",299.119599347026,263.500762939453,1,0.0471430229347226,1686195.77465639
"FT07269",299.136673792586,314.806427001953,1,0.0597555139428386,7937050.8006964
"FT07295",299.623363652743,311.828155517578,1,0.0701776405757912,969248.745812635
"FT07301",299.669818169905,366.030914306641,1,0.0741101390005525,682640.704037141
"FT07323",300.140215913412,314.817016601562,1,0.0756646527475927,1206903.12181267
"FT07344",300.622135410153,363.770599365234,1,0.036180120117758,11571731.7773904
"FT07345",300.638679319712,297.686904907227,1,0.0635623374181841,112393.042683242
"FT07366",301.082962298905,234.458953857422,1,0.092773764756642,966000.864125855
"FT07370",301.097960818699,400.228149414062,1,0.0829825812738764,1806183.71156087
"FT07376",301.118182458534,278.825134277344,1,0.0619672200176442,9940584.19344146
"FT07377",301.123825870188,363.770599365234,1,0.0634177742568322,3076983.46675377
"FT07382",301.141011914009,580.306671142578,1,0.0247611390321703,18952847.1876455
"FT07392",301.177432343645,570.192260742188,1,0.0917603361374331,3958579.21844826
"FT07400",301.216162728926,605.088439941406,1,0.0328481751112823,479450.680908737
"FT07432",302.122571360664,278.951354980469,1,0.0650078951523877,1038617.74056497
"FT07437",302.144383441091,580.305297851562,1,0.0324443082972228,3103470.52498173
"FT07482",302.970539930099,39.095085144043,1,0.0381785724716931,712106.399555927
"FT07492",303.134521647238,556.63720703125,1,0.0917537101881463,287588.644978173
"FT07535",304.116888706349,37.8117065429688,1,0.0842417707786604,597161.900837388
"FT07582",305.131325050522,300.430164,1,0.0705785408156488,4527561.14449122
"FT07602",305.245109712979,664.852081298828,1,0.0875024623684465,521992.923622506
"FT07615",305.632949395246,300.710510253906,1,0.0789460532272727,1184341.25852748
"FT07638",306.121195648003,358.829681396484,1,0.0498758648670181,1178906.82948139
"FT07689",307.124771044465,358.828582763672,1,0.0715657886617304,171374.286936782
"FT07747",308.125992106175,316.949157714844,1,0.0722616218887217,156477.02115847
"FT07776",308.601571667552,327.803497314453,1,0.054016640886288,544437.777219226
"FT07779",308.619768681064,297.669677734375,1,0.0670938487405067,2128690.52843243
"FT07830",309.203589436596,600.558532714844,1,0.0876338258092681,11331308.2199245
"FT07891",310.23765966783,597.726379394531,1,0.0452908023506984,351997.106398458
"FT07895",310.639390090466,237.891764180664,1,0.0873484884415787,4542251.14780277
"FT07912",311.080177093398,530.734802246094,1,0.0871109831687549,1202342.92255086
"FT07922",311.142508047693,237.893768310547,1,0.0354984821345516,1360296.51835121
"FT07926",311.164151340122,633.604125976562,1,0.0701891295237088,375086.955835122
"FT07957",312.083476086694,530.712310791016,1,0.0734465633664854,131808.414060588
"FT07988",312.326104551607,695.59716796875,1,0.0736793676864428,496122.683884899
"FT07992",312.602557452658,279.136596679688,1,0.0530697420531748,301299.628296296
"FT08013",313.052922930379,299.225616455078,1,0.0837035093551782,135094.948250392
"FT08015",313.070600491413,245.335723876953,1,0.0823244880134727,1010417.57627603
"FT08020",313.106889230016,282.72282409668,1,0.0782089335856507,1427913.25755694
"FT08026",313.13515911596,315.531982421875,1,0.0922276701288412,2994442.47113166
"FT08050",313.6284208446,361.642486572266,1,0.0882222240892113,709591.16023959
"FT08070",314.084159416568,58.4895973205566,1,0.0781735085987852,1688648.17402909
"FT08075",314.11106935713,105.83992767334,1,0.0506521890550635,3812733.48347665
"FT08076",314.120893766325,325.640228271484,1,0.0549739977947241,961503.977534071
"FT08104",314.341678895724,619.934814453125,1,0.0375414865048981,312571.827344664
"FT08131",315.049843242896,69.8345184326172,1,0.0717516349587367,485504.808063874
"FT08140",315.114594677303,105.547389984131,1,0.0501504392268477,506492.319282105
"FT08156",315.193201085697,597.210266113281,1,0.0602180138961826,1121519.59735997
"FT08159",315.191241001495,497.260314941406,1,0.0561328055916492,273012.849033758
"FT08160",315.200063470627,36.9511470794678,1,0.0405118346843649,979338.771844002
"FT08273",317.173465683731,33.9296760559082,1,0.0893691275170088,1103481.43172803
"FT08274",317.172372162473,531.969482421875,1,0.0765871569589889,2373098.57498389
"FT08294",317.674178927671,122.74486541748,1,0.079337204280959,268571.559552483
"FT08310",318.114537464868,285.560119628906,1,0.0530977249435447,572420.924392054
"FT08320",318.147781854129,43.6572761535645,1,0.0826004223665536,1968105.14635689
"FT08327",318.175747811997,531.969482421875,1,0.0906872145135647,389351.862592713
"FT08354",318.811887165012,304.096099853516,1,0.0799136711151306,305343.822838856
"FT08380",319.156740170117,620.551574707031,1,0.0596140988519512,301726.762212632
"FT08394",319.247745703235,602.636352539062,1,0.0905255993018134,942526.466828162
"FT08423",320.144188529293,398.384063720703,1,0.0837971759893296,1252586.99530269
"FT08464",321.117180340857,315.527267456055,1,0.0637643764505046,9061875.89330042
"FT08469",321.134151768801,285.255737304688,1,0.0598799304325778,1019313.39697112
"FT08475",321.158388120291,564.447631835938,1,0.0873393089247458,109975.456267908
"FT08502",321.618838549034,315.531982421875,1,0.0630496051399209,2321979.30667238
"FT08503",321.625869514422,311.203308105469,1,0.0402888952869508,1384672.70197555
"FT08619",324.059062082932,42.5768165588379,1,0.0649509826348992,9039933.13007145
"FT08646",324.21692507969,580.323974609375,1,0.0261142946938524,1142417.62422938
"FT08661",324.689226858462,267.282989501953,1,0.039166395968283,1270930.26200568
"FT08667",325.043139677026,45.4685974121094,1,0.030931899196477,4676470.31164655
"FT08682",325.162582874524,613.179992675781,1,0.0872010287665608,222025.092965297
"FT08693",325.220069002058,580.103393554688,1,0.0709863591561827,132502.687236666
"FT08695",325.271389915969,655.033264160156,1,0.0926067763522619,1034951.93794442
"FT08740",326.245475569373,583.40966796875,1,0.0927695059007574,168452.264205187
"FT08750",326.619904716803,313.632019042969,1,0.0661121661989609,124445.181439151
"FT08751",326.628042418001,411.906732140625,1,0.068139212842978,2526747.47049015
"FT08770",327.008114135577,517.89794921875,1,0.0326446024653737,1632701.55609228
"FT08772",327.051347139496,37.2843246459961,1,0.0432118690294259,25460926.2122056
"FT08777",327.117481062374,265.425979614258,1,0.0835971775552183,3139200.07840072
"FT08805",327.336968956338,621.693786621094,1,0.0772498182426175,173588.042211674
"FT08813",327.61885359052,264.62190246582,1,0.0802877317675998,888686.829497948
"FT08832",328.0550272171,37.2764701843262,1,0.0545689030785676,2025532.00786681
"FT08876",328.643362519485,384.814147949219,1,0.0751211558185149,365541.31245857
"FT08893",329.005167833103,517.896545410156,1,0.0488892139949148,1511171.15363967
"FT08896",329.042859538492,245.349594116211,1,0.0901014135327715,1323010.72898939
"FT08897",329.041321684717,80.9843826293945,1,0.0477395528804942,2171978.58304153
"FT08903",329.080641489611,365.593795776367,1,0.040712897706163,1711328.54000186
"FT08927",329.210892265848,606.625244140625,1,0.0622719387614576,117427.826061489
"FT08960",330.07298950238,52.3954658508301,1,0.076144302852965,7194054.09502643
"FT08988",330.336691703407,597.686395306641,1,0.0642702655866198,2236204.45870019
"FT09013",331.002169753611,517.897247314453,1,0.0387691883922195,444887.39579632
"FT09014",331.022154121243,70.2592391967773,1,0.0839551224852215,174622.646162254
"FT09017",331.063392498899,241.633331298828,1,0.0898390524095573,369021.937070948
"FT09051",331.3401152359,597.685662884766,1,0.081901631663681,428402.666859818
"FT09101",332.561788291862,46.078405380249,1,0.0195135873292133,107634327.714589
"FT09115",333.06335557895,46.0735893249512,1,0.0295141472535705,25481974.3116184
"FT09120",333.120825149859,370.254791259766,1,0.0588627052113329,1538123.64528748
"FT09130",333.167260189299,524.771412,1,0.078063239233447,412846.997130923
"FT09133",333.170728746066,629.509155273438,1,0.0865793430187031,210677.88190085
"FT09156",333.564370384854,46.0735893249512,1,0.0298104496213963,5421295.8245043
"FT09159",333.633268572368,260.963256835938,1,0.0800551685423434,858564.43913886
"FT09174",334.065813345708,46.0587348937988,1,0.0558467664455539,782192.722122077
"FT09182",334.124377287077,370.254791259766,1,0.0602716138947833,278268.192929636
"FT09209",334.639156970573,313.830200195312,1,0.0814780328704481,929539.560418338
"FT09261",335.633852904396,359.750289916992,1,0.0844418475756321,4297903.45754103
"FT09263",335.639933985309,314.271224975586,1,0.0843460064235219,173479.846191969
"FT09324",336.636991098811,359.749481201172,1,0.0664379532924313,249085.983953166
"FT09325",336.658951985441,344.457733154297,1,0.0794752632569022,796499.98469525
"FT09352",337.12744914288,289.971008300781,1,0.0614395877074376,734936.025145577
"FT09380",337.357697765109,611.681701660156,1,0.0702177449627254,345167.934915335
"FT09419",338.168658325325,79.9211807250977,1,0.0606817584806949,1875418.90172153
"FT09428",338.197110914555,353.605102539062,1,0.0559822211300868,113502429.353622
"FT09458",338.6984728109,353.298797607422,1,0.0610464255448448,22936911.2452921
"FT09472",339.085624368544,48.7902717590332,1,0.0888838259845575,410824.263639212
"FT09474",339.111447895308,497.259704589844,1,0.0865954365106036,225899.867521122
"FT09490",339.199659756756,353.300952,1,0.0584899403226593,3358701.49544569
"FT09495",339.236034797655,580.305358886719,1,0.0773343170761956,536291.787475039
"FT09502",339.660223948551,367.150726318359,1,0.0560923690093969,962879.791655023
"FT09534",340.201600666797,299.524139404297,1,0.0829046541799975,224295.162739702
"FT09539",340.357446446548,724.937866210938,1,0.0736560541321122,702723.701116886
"FT09582",341.193492121285,516.958208283203,1,0.0769849687370962,1417133.22360513
"FT09587",341.229856909846,602.630737304688,1,0.0459978793623026,4946144.9094372
"FT09590",341.266306165818,636.440185546875,1,0.0422387338822245,1805354.77317231
"FT09600",341.666216294911,361.596343994141,1,0.069111747058961,1029178.42284724
"FT09638",342.233223514272,602.655822753906,1,0.0809327994756626,796905.705205017
"FT09661",343.025322071894,37.3136863708496,1,0.0507206925439283,2073772.71559328
"FT09669",343.106340097316,530.718994140625,1,0.0829135394369196,137706.554905923
"FT09679",343.153896850399,448.931854248047,1,0.0913971846421693,226979.212631664
"FT09709",343.640935511266,298.287994384766,1,0.0872884533409606,733298.325696969
"FT09754",344.196260621579,669.803100585938,1,0.0840436932313302,302635.91567531
"FT09765",344.315922424017,606.901977539062,1,0.0619767882140529,151763.765585942
"FT09798",345.042717035758,241.932098388672,1,0.0775090817906837,823854.355926121
"FT09805",345.075684699177,262.410278320312,1,0.0621543086107318,922540.057409215
"FT09880",346.152697323383,355.11279296875,1,0.0908638201320745,3252202.26534771
"FT09881",346.157898388167,245.955932617188,1,0.069077826957808,1863778.87831114
"FT09911",346.659444939693,246.252014160156,1,0.0757232705648042,576265.693902218
"FT09912",346.663079601161,387.886657714844,1,0.0557829573602602,522781.712259417
"FT09931",347.091142541959,342.218872070312,1,0.0448526072459819,313979.394610807
"FT09939",347.169264835562,379.103454589844,1,0.071475940797744,1137017.24114275
"FT09964",347.567001953362,46.0817088,1,0.0927729559865113,526075.682498413
"FT10007",348.310794962939,657.179138183594,1,0.0591805507633314,506123.274523419
"FT10023",348.990103627358,517.897521972656,1,0.0542910534370184,2124526.44729643
"FT10064",349.65769195948,302.570526123047,1,0.0473012497848472,1718673.0214064
"FT10094",350.159267061227,302.570526123047,1,0.091107274451696,708480.11169888
"FT10115",350.302968813838,630.574340820312,1,0.077698897419526,376889.534410861
"FT10141",350.987109230003,517.896240234375,1,0.0549480860195774,2003024.83945501
"FT10156",351.171995414222,320.256332397461,1,0.0648429404070152,857633.611433151
"FT10180",351.562970484215,235.707244873047,1,0.083694290569775,1346477.32313887
"FT10238",352.321060630972,636.110534667969,1,0.0384863685240981,783350.359215729
"FT10260",352.897393428215,38.5090560913086,1,0.0703980336292827,5309916.3480933
"FT10261",352.984094135061,517.897521972656,1,0.0623963373503422,587600.533610988
"FT10267",353.138230315757,514.122924804688,1,0.092566507975665,165017.346709308
"FT10287",353.229857062823,647.84375,1,0.0864509615926344,460311.297395077
"FT10289",353.247786218911,665.465026855469,1,0.0603718170113872,1553870.18186286
"FT10290",353.266263377525,656.585815429688,1,0.0722920831674509,5385249.71888769
"FT10297",353.641436407769,407.620452880859,1,0.0651556723004246,2010846.03086191
"FT10300",353.65757055068,387.881774902344,1,0.0838682419832322,6489627.86125505
"FT10349",354.2509719752,666.104919433594,1,0.0627889723287573,348642.338934148
"FT10350",354.269658869999,657.178344726562,1,0.0785745364512772,962989.534028028
"FT10368",354.693485612885,379.257568359375,1,0.0715511554566902,3117229.39855735
"FT10376",354.894287859122,38.5120315551758,1,0.0766075678994552,1572341.43307508
"FT10397",355.195336686093,379.257995605469,1,0.0797007388294331,1122795.48321802
"FT10410",355.368403830414,616.652404785156,1,0.0568107335212371,2011499.2104108
"FT10464",356.285354808817,643.166015625,1,0.0776075646468231,1674668.36403805
"FT10465",356.315977154033,648.734191894531,1,0.0378292311362243,811492.66147762
"FT10467",356.371848736006,616.7578125,1,0.0455429767362924,401285.694966638
"FT10476",356.651332607889,302.570526123047,1,0.086094476210087,24591339.051525
"FT10485",356.712886812321,411.604217529297,1,0.0383929381705174,10300942.018075
"FT10542",357.647512723923,333.344390869141,1,0.0816799441098593,459268.024766161
"FT10562",358.07088444343,263.965423583984,1,0.0737945184937918,323046.515362519
"FT10593",358.368080993576,617.155334472656,1,0.0510600704637502,1203832.84874068
"FT10618",359.112305686842,324.096115112305,1,0.0718671399492016,552987.899409128
"FT10653",359.315666593233,677.421691894531,1,0.0510933587833716,765314.272027367
"FT10678",360.086440946027,263.475830078125,1,0.0839429287287603,426394.628669134
"FT10726",361.015101516251,241.934875488281,1,0.0757088642107151,629906.824542053
"FT10728",361.070510737988,342.221328735352,1,0.0871015772322179,534236.933086586
"FT10738",361.177584237736,595.842010498047,1,0.0773839537071487,338040.480991906
"FT10828",363.147905143259,570.09765625,1,0.0872935354243449,197635.329573995
"FT10833",363.17775599473,379.257247924805,1,0.092825231269431,335697.361338916
"FT10839",363.196705272102,198.51594543457,1,0.0476136343255502,317769.77942067
"FT10889",364.193430874948,411.603546142578,1,0.0349738405790477,4479802.45616395
"FT10911",364.651598654942,53.3583145141602,1,0.061760215168873,807892.285744564
"FT10945",365.179535954525,118.410079956055,1,0.0540412951576872,452304.841161795
"FT10962",365.389172617884,628.587829589844,1,0.037989613660127,635472.090012615
"FT10990",366.101621972078,295.154266357422,1,0.0924426425948708,284004.750105708
"FT11101",368.036650056752,63.4841461181641,1,0.0668867295309138,828163.315235273
"FT11144",369.182322373274,323.204635620117,1,0.0910387431109505,4025288.47325503
"FT11154",369.231312426745,693.0634765625,1,0.0780940194945902,1420430.40327612
"FT11177",370.052355986667,46.3879280090332,1,0.0812131009672541,513315.859798014
"FT11183",370.165350701455,266.143035888672,1,0.0658117118013625,448969.807707605
"FT11201",370.300888293071,655.345458984375,1,0.0714410590605259,535790.025687335
"FT11243",371.224523216854,693.0634765625,1,0.0921127028166645,1803261.48005394
"FT11251",371.315715435122,676.810424804688,1,0.0818373914885714,739757.311754237
"FT11279",372.131612916494,343.142639160156,1,0.0920637582112858,301325.137647173
"FT11299",372.243995006942,108.327178955078,1,0.081723828723752,2148703.32491677
"FT11308",372.545284133851,43.0446042,1,0.0609607583640283,9480909.71864147
"FT11311",372.64893120352,265.841644287109,1,0.0499623682840555,597135.490496615
"FT11513",376.342263116042,677.138610839844,1,0.077487879604833,282064.50034174
"FT11531",377.065581145712,247.803359985352,1,0.0762089347480306,454937.126803124
"FT11536",377.130378685409,42.5928955078125,1,0.0802413034954451,2725710.64048778
"FT11548",377.195661270398,473.818908691406,1,0.0292451402588586,514206.944010899
"FT11566",377.326311081134,643.357421875,1,0.0667757915113278,1907331.67216177
"FT11621",378.297989766836,649.081787109375,1,0.0924882281831914,810997.847040307
"FT11656",379.083944723517,580.302551269531,1,0.0526676849811339,302932.60812921
"FT11728",380.179447762251,424.796783447266,1,0.0847660775993751,8507264.2102873
"FT11746",380.513810676529,424.795501708984,1,0.0858753104632507,5374180.58764714
"FT11777",381.138091646861,63.5227355957031,1,0.0856952426203408,602967.124012571
"FT11810",381.634223303997,314.591613769531,1,0.080538874983345,974835.36696454
"FT11897",383.399779417763,632.975341796875,1,0.036941837991731,2733036.957256
"FT11902",383.590725491129,259.415618896484,1,0.0891914914043343,290772.577304962
"FT11920",384.156440878229,146.699211120605,1,0.0909744358122863,702057.663182733
"FT11929",384.193502913235,626.794372558594,1,0.0507861702726524,751428.225287465
"FT11941",384.347419696698,665.81201171875,1,0.0333780978801254,8920205.37328898
"FT11942",384.4031592194,633.4794921875,1,0.0883269611300407,668613.471512636
"FT11946",384.656462003334,379.983947753906,1,0.0807040189721516,6531849.54283146
"FT11953",384.691087639038,383.262313842773,1,0.0891578456301077,92767.540342566
"FT11984",385.196810698787,626.721008300781,1,0.0906854150760618,150674.066518493
"FT12000",385.350823627093,665.804626464844,1,0.0544620861815518,2152208.28148864
"FT12005",385.659040212689,379.880676269531,1,0.0926497792686604,538389.533956951
"FT12102",387.271349272867,238.518920898438,1,0.0667488194151207,944817.77243708
"FT12123",388.078568260722,517.888671875,1,0.0787646814068032,210519.147201017
"FT12289",391.284305794612,675.010070800781,1,0.0243650970550124,53381707.7190935
"FT12291",391.341804271184,655.340057373047,1,0.0701283084107677,741549.000483045
"FT12301",391.68647864431,416.792999267578,1,0.068727260884407,2707418.17031184
"FT12341",392.287728020641,675.010070800781,1,0.021669104471991,13264445.3884065
"FT12398",393.290333973236,674.982299804688,1,0.0351516928205385,1311681.57685415
"FT12407",393.661475977884,337.514678955078,1,0.0446220269301603,3220690.76283829
"FT12429",394.16393109877,336.990798950195,1,0.0741860803043525,1238120.69327441
"FT12448",394.256545740825,595.912231445312,1,0.0909335143803334,839356.642570099
"FT12452",394.329333233439,617.598083496094,1,0.0896008389880023,764891.87324856
"FT12474",395.038877197837,37.2755813598633,1,0.024820673828031,6911419.44238366
"FT12480",395.159986839183,385.414367675781,1,0.0601994653960994,10436410.5578304
"FT12514",395.66162317539,385.412475585938,1,0.0716303340876656,4381429.66863817
"FT12540",396.101332744174,61.5246505737305,1,0.0523963017226972,5058666.85219248
"FT12590",397.173554650332,382.951522827148,1,0.0705854766952708,7280168.69372909
"FT12592",397.185191452621,272.951477050781,1,0.0911407810600481,524220.764184848
"FT12609",397.520023746869,272.724700927734,1,0.0896598778868957,320642.257020623
"FT12656",398.680645432332,416.786163330078,1,0.0674126940161641,31767043.8141668
"FT12673",399.127335508067,315.108947753906,1,0.0315116881601374,706991.389268621
"FT12674",399.144333815864,39.8285522460938,1,0.0824840381329743,1931312.74059135
"FT12685",399.182514168233,417.098022460938,1,0.0574129548243694,12846282.008989
"FT12698",399.308274739213,643.280822753906,1,0.0892589261814292,7904838.19539139
"FT12705",399.683726675541,416.791938,1,0.069169992337818,3232219.83283055
"FT12750",400.311703969081,643.311157226562,1,0.0850895861629923,1889585.65824965
"FT12756",400.676950425739,416.819885253906,1,0.0783519920577004,568119.331934134
"FT12827",401.743149498319,329.323394775391,1,0.092121343026184,2022329.50663048
"FT12857",402.271154274413,128.724319458008,1,0.0687752482493191,84812.9605209914
"FT12992",405.701363916074,329.0078125,1,0.0787027477150162,14301222.2877909
"FT13045",406.704028241993,329.023315429688,1,0.0500228126654024,1303903.71907791
"FT13058",407.043191092869,57.308464050293,1,0.0436830490393078,46415793.0149802
"FT13080",407.22622454661,320.727325439453,1,0.0880769589527273,18225192.0895543
"FT13106",408.046716496019,57.4057998657227,1,0.0500423066638752,6010148.20115432
"FT13117",408.2089764947,42.7558364868164,1,0.0915581152102001,1129510.42875503
"FT13133",408.368481438202,655.174224853516,1,0.0765719009289922,629829.766105438
"FT13208",410.122442173108,331.432220458984,1,0.0603221883075616,510916.572982134
"FT13241",411.012718321983,37.2937927246094,1,0.0656801034588748,526184.898231238
"FT13302",412.671805468238,334.03955078125,1,0.0907588056820192,493261.748617884
"FT13306",412.717445255859,277.538330078125,1,0.0835246536914957,995725.639909035
"FT13332",413.266330534287,675.584045410156,1,0.0674071682092281,55497256.3429483
"FT13336",413.32392646907,655.037109375,1,0.0598745679298053,3515661.35744267
"FT13377",414.269680856748,675.278076171875,1,0.0681106708482609,13827832.7928066
"FT13429",415.272720498185,675.278442382812,1,0.0607716839244264,1874821.71158335
"FT13436",415.667746964482,291.449859619141,1,0.0837030424536673,156360.807238751
"FT13604",419.315850898087,694.897521972656,1,0.0840982489378572,4452239.55442445
"FT13720",422.211828595761,422.319763183594,1,0.0825205738687848,8764283.12784343
"FT13771",423.203099702713,422.628784179688,1,0.0528813577474734,1044357.92414898
"FT13789",423.704382205068,422.634979248047,1,0.0657784096291859,503956.914610492
"FT13839",425.13620435784,509.442169189453,1,0.0783592251327404,575785.395936127
"FT13847",425.214731742678,604.1611328125,1,0.0868404075745762,250629.063968639
"FT13851",425.230074064843,568.171447753906,1,0.0650015127131265,243267.404158496
"FT13896",426.217187977418,421.721145629883,1,0.0898366545535251,2239416.17750262
"FT13924",427.095425623618,41.8315010070801,1,0.0922434343384083,8157014.96998496
"FT13961",428.036923437042,43.198429107666,1,0.070337588513802,4806446.14851454
"FT13984",428.337261451609,635.05126953125,1,0.080681401197131,225771.580855836
"FT14052",430.197228998646,422.430694580078,1,0.056038859689297,17492720.8349224
"FT14070",430.389506000575,623.485961914062,1,0.0635940228990111,481076.242287038
"FT14078",430.698775876865,422.368621826172,1,0.0486169198770823,7385069.30074179
"FT14100",431.200115681584,422.419509887695,1,0.0425889760318083,1922007.76393984
"FT14104",431.218643149074,386.665740966797,1,0.0579691260873606,3827390.46036191
"FT14207",433.33127457913,703.170837402344,1,0.0910267995844846,955138.015759257
"FT14253",434.689696641784,369.309967041016,1,0.0865245672694716,178957.846913361
"FT14280",435.368001913944,655.03466796875,1,0.0697410498540406,429442.22273058
"FT14291",436.138944077502,229.097640991211,1,0.0850457390601524,204431.660877107
"FT14303",436.342420940707,675.286071777344,1,0.0588629943836857,2900349.18731991
"FT14340",437.250856220832,151.108581542969,1,0.0835296906507287,369275.635007447
"FT14345",437.345770677766,675.289978027344,1,0.0601436905355453,744606.366272188
"FT14349",437.701486657574,377.340362548828,1,0.0861462289748692,479803.019805163
"FT14363",437.972763645326,57.3381042480469,1,0.0916681310066049,2045308.12463143
"FT14385",438.379297264951,643.359252929688,1,0.0844778931149605,1090561.15310363
"FT14496",441.111687645126,227.378860473633,1,0.0710892093469527,437545.434451402
"FT14551",442.197354533337,420.790130615234,1,0.0691009680462611,581883.800247217
"FT14658",445.131839097124,226.061859130859,1,0.0890121211799761,845938.48457917
"FT14692",445.683992587585,377.405120849609,1,0.0689029247312674,193291.656737425
"FT14893",450.358070841199,675.286071777344,1,0.0500243858125736,11342360.2525059
"FT14925",451.361632508564,675.010070800781,1,0.0540400789566729,3248640.72918116
"FT14966",452.364450708266,675.276000976562,1,0.0689204929370385,423172.203926306
"FT15004",453.343279179417,355.124389648438,1,0.0622777307354393,961977.151545033
"FT15058",455.183237848875,330.595153808594,1,0.069348399643209,492064.593389133
"FT15126",456.637261994369,308.416595458984,1,0.0838520692010294,314022.536548375
"FT15159",457.277620166087,561.020690917969,1,0.0753162913100574,951506.834976298
"FT15163",457.350372988316,655.016662597656,1,0.0218061296609494,3188449.08194191
"FT15191",458.257750262558,405.445419311523,1,0.0657738411830352,600892.710357646
"FT15203",458.353618455321,655.025177001953,1,0.0714579300294213,762526.471631532
"FT15257",459.690975194501,420.784545898438,1,0.0725940525846876,901353.731855133
"FT15339",461.704232052548,385.729995727539,1,0.0616375965347377,3518047.90584975
"FT15340",461.719571102444,363.485717773438,1,0.0910410774165354,1417013.34121933
"FT15378",462.72538889213,415.256072998047,1,0.0924152784326507,3017166.41497786
"FT15387",463.026464620546,37.2746772766113,1,0.0227424707502121,5690249.23112178
"FT15406",463.303248291037,626.219482421875,1,0.0929712039763097,237410.373546318
"FT15422",464.02994404202,37.2746772766113,1,0.0691265317683966,579752.939281366
"FT15446",464.37369768572,675.287567138672,1,0.0605978439047417,432603.267659593
"FT15465",465.165223473058,569.570251464844,1,0.0827335082783857,129400.675950706
"FT15467",465.1883304865,452.981964111328,1,0.0870579489510666,85937.369389519
"FT15501",465.880827688007,439.088714599609,1,0.0897897047201818,560370.295857731
"FT15564",467.226563650631,444.319702148438,1,0.0624774249991951,1405507.12203876
"FT15688",470.326796823868,675.276000976562,1,0.0804759078871128,569407.294850909
"FT15691",470.707805170696,415.259918212891,1,0.0767832057577514,670726.678400094
"FT15745",471.990376593513,37.2880210876465,1,0.0743696049194504,405675.879195555
"FT15863",475.237121884556,675.277404785156,1,0.0908881507248295,313507.372744247
"FT15950",477.293405631567,698.274536132812,1,0.0739449021350939,995770.219859993
"FT15987",478.389521507892,695.205993652344,1,0.0553160998952628,1787224.96814641
"FT16046",480.714666597102,428.50634765625,1,0.0843247106729048,105590.578486909
"FT16105",482.405617182924,643.291198730469,1,0.0529805752800204,1350214.50439799
"FT16146",484.228152839565,351.785552978516,1,0.0748333349967868,542214.439047609
"FT16211",485.855162877725,699.187194824219,1,0.089695154123122,510121.128513197
"FT16308",488.332930885087,699.187683105469,1,0.0849853478756643,867075.586412066
"FT16451",493.160294322968,290.182922363281,1,0.047929074602185,187990.414623491
"FT16508",494.319968794272,698.337585449219,1,0.0650690420480981,429364.548669181
"FT16656",499.275437449569,698.275817871094,1,0.0892249659283414,1692753.4469505
"FT16675",500.215992828488,241.303840637207,1,0.0732279896153069,176072.343448949
"FT16726",501.376683299725,654.726135253906,1,0.0561561744901387,2233818.5308252
"FT16750",502.379736237714,654.725891113281,1,0.0780862911495169,487022.191391618
"FT16869",506.241711386351,423.266815185547,1,0.0871033073343585,5474132.06577087
"FT16883",506.743140728983,423.266815185547,1,0.0886271406892878,2911418.24378879
"FT16900",507.254271096911,309.041717529297,1,0.0812956823418933,403836.508642077
"FT16929",507.831900112165,585.890747070312,1,0.0824901849154285,274374.188406979
"FT16934",508.120595006381,60.9739418029785,1,0.0863680998255239,2672698.36609352
"FT16951",508.369789680589,698.275817871094,1,0.0919286357836381,309299.474588587
"FT16953",508.621932866035,60.923118,1,0.0790280581121587,1097878.03793622
"FT16984",509.392448078903,503.809265136719,1,0.0791372221833056,99713.2985181431
"FT17006",510.283516465256,401.753387451172,1,0.0905904370615705,722864.159625225
"FT17028",511.128534552374,60.9208450317383,1,0.0306310333964881,19151602.3117029
"FT17036",511.231884706263,365.598571777344,1,0.0712218012819093,2658911.48377571
"FT17037",511.237033845332,438.156890869141,1,0.0745156415933435,385965.097195967
"FT17063",512.132145537161,60.9208450317383,1,0.0424986453184328,3846853.3331046
"FT17084",512.761098525254,402.058465098633,1,0.0737913214525805,21815663.8759968
"FT17097",513.262679943621,402.06298828125,1,0.0838325484887907,6545834.72385447
"FT17113",513.764467429969,401.762054443359,1,0.0732597619931116,1423682.69226444
"FT17123",514.224310813937,423.555908203125,1,0.0916475179755135,821175.747826183
"FT17129",514.271821550533,363.770568847656,1,0.0573957053499506,2205308.77845385
"FT17276",519.227489468521,355.117370605469,1,0.0895560334264326,1805777.07072075
"FT17291",519.728037319626,355.122863769531,1,0.0740785826314291,657448.456308956
"FT17303",520.242018436709,402.057678222656,1,0.0561152885369386,7216066.74333127
"FT17318",520.743715301478,401.753265380859,1,0.0659264977156836,3878573.68328963
"FT17332",521.244949941293,401.754699707031,1,0.0434282236023106,1240192.56980476
"FT17378",522.750774745226,431.309539794922,1,0.0921035866828924,646587.921827432
"FT17438",524.325291246617,633.500183105469,1,0.0893656690491686,368427.673810931
"FT17453",524.826626947122,633.434875488281,1,0.0893503673193366,175000.840777516
"FT17639",531.014229412454,37.2749862670898,1,0.0388164338737724,4984449.39471493
"FT17670",532.017427812945,37.2729530334473,1,0.0648938290493746,540492.930614769
"FT17686",532.359328314122,697.661437988281,1,0.0602233013581874,990628.748954214
"FT17782",536.367105695996,698.274536132812,1,0.0866024196371826,1251993.28850139
"FT17811",537.536167175284,709.918151855469,1,0.0703914858185909,4978002.56428155
"FT17835",538.539632815212,709.918151855469,1,0.0746925453376664,1814729.25662442
"FT17956",543.221827815216,262.405029296875,1,0.0783039411757196,1186634.44945772
"FT18050",546.488468045458,671.31005859375,1,0.0865981886836142,384606.224175867
"FT18164",551.222743860333,361.679962158203,1,0.0850456282512674,403899.138331278
"FT18211",552.278949195196,413.119140625,1,0.04156218832698,17188842.1917619
"FT18235",553.282689695724,413.420715332031,1,0.0508042990300264,5348592.62489294
"FT18274",554.372418033571,697.044555664062,1,0.0815410262271644,985014.172169949
"FT18376",558.232485921862,263.052215576172,1,0.0404400659275563,266622.07438943
"FT18419",559.740226853495,311.819580078125,1,0.0703947927937431,6890753.26425999
"FT18431",560.242959475735,311.820465087891,1,0.0785364373054708,3428280.20132555
"FT18524",563.624068704986,475.700592041016,1,0.0904324001665254,9720530.33214449
"FT18561",564.788285268983,447.390533447266,1,0.0539515225577534,973662.563470409
"FT18567",565.00837147506,37.2706146240234,1,0.0887130247904957,569047.584044209
"FT18570",565.194949811895,289.871917724609,1,0.0921435991730188,193893.436911742
"FT18585",565.56747434641,647.874267578125,1,0.0390206074303968,3464761.55283933
"FT18586",565.629747207306,475.701843261719,1,0.0471772524967344,5593696.89133995
"FT18597",565.964055584109,475.708892822266,1,0.0601404164390273,5020881.00150269
"FT18606",566.298529355831,475.732452392578,1,0.0518518092202274,2525194.93165768
"FT18614",566.632753001543,475.989105224609,1,0.07141638512836,868662.019251338
"FT18635",567.722860691109,311.822814941406,1,0.0696181957405506,2176555.11794564
"FT18723",570.458236286355,642.965667724609,1,0.0548862258262578,816023.648409797
"FT18728",570.731268051632,311.829467773438,1,0.0660294654426744,1446048.3789073
"FT18742",571.233258891994,311.822814941406,1,0.0842304439284522,741742.842089775
"FT18797",573.243738339244,263.557037353516,1,0.082614734099039,459466.1735975
"FT18822",574.212584796781,242.548706054688,1,0.0812593615875511,2372852.96464561
"FT18847",575.215883484592,242.250305175781,1,0.0915434965486963,596994.758328704
"FT18885",576.385387527837,696.4326171875,1,0.0772057267944877,839060.287470676
"FT18900",577.227194242369,312.140533447266,1,0.0399649437330103,2947002.75920001
"FT18931",578.23001654031,311.997375488281,1,0.0406003499653996,787174.668892266
"FT19036",582.759081108765,364.383911132812,1,0.081857947917568,463372.909306265
"FT19072",584.272240526601,364.086318969727,1,0.0835794328453884,12189442.6182967
"FT19085",584.802827535319,444.624328613281,1,0.0428223197293505,3948552.58599356
"FT19093",585.275086886725,364.07763671875,1,0.0873114422079064,3224444.25665311
"FT19095",585.304181043744,444.624542236328,1,0.0810493550256391,2485032.47187914
"FT19103",585.806365641484,444.624145507812,1,0.0726789768848496,812027.774498975
"FT19109",586.271614322188,364.085357666016,1,0.0883001931020635,590067.538086869
"FT19122",587.246674438261,402.345275878906,1,0.090508573455328,420533.851363976
"FT19179",589.367385561923,151.564865112305,1,0.0773611428824965,177931.237825234
"FT19364",598.332294149836,365.918212890625,1,0.0648437397587938,1962078.76464779
"FT19379",599.001791551328,37.2749862670898,1,0.039268127140278,2475238.15684437
"FT19412",601.277805960728,433.403656005859,1,0.0881949191446129,742130.895868436
"FT19419",601.779236621414,433.403656005859,1,0.0488578156810603,450754.461942215
"FT19473",604.307486890703,237.882415771484,1,0.0812920679871655,496056.648639444
"FT19633",611.889520444913,649.426818847656,1,0.0902990223727796,239099.115812585
"FT19697",614.484155115067,642.82080078125,1,0.0650399774952562,497791.073284335
"FT19720",615.465804893371,757.270263671875,1,0.0686992898895434,140223.677802693
"FT19872",623.316729431758,393.128143310547,1,0.0547918516997636,4539403.15814921
"FT19910",625.295960477934,285.255889892578,1,0.0812210276939665,602103.49689524
"FT19922",625.83070747323,393.072845458984,1,0.0766934025506896,327979.905878942
"FT19932",626.280957367664,311.218098,1,0.0620411308152935,494561.623414663
"FT19973",628.291438528622,452.664123535156,1,0.0914056853763361,482224.865506567
"FT20005",630.155894367718,60.923118,1,0.0539555101912755,2695601.63603588
"FT20087",634.839235388679,466.360472698242,1,0.0883184653577971,1203215.3633635
"FT20112",636.284689214687,411.906066894531,1,0.0749169887966719,2124306.9551494
"FT20132",637.287855931657,411.604187011719,1,0.0794394205122249,522884.979210657
"FT20141",637.495073246337,626.4794921875,1,0.0353793725912845,2713432.59274701
"FT20157",638.498385512144,626.422058105469,1,0.0507311015041641,1134577.38002078
"FT20165",639.311427253875,384.811706542969,1,0.0713966581295785,714719.799452482
"FT20264",645.328705998698,466.353698730469,1,0.0888676309347439,366742.865656781
"FT20307",648.320635048155,251.877151489258,1,0.0561869752367427,161002.477141218
"FT20480",659.477056439476,626.4794921875,1,0.0362304108677919,2690445.93998128
"FT20488",660.480407390146,626.4794921875,1,0.0476150843524683,1184860.6689834
"FT20501",661.450649971514,600.854248046875,1,0.087461629327252,354956.209251373
"FT20541",663.466224758438,642.476745605469,1,0.0859061896478506,647556.611258107
"FT20591",666.98961976484,37.2761764526367,1,0.0891096565778355,1364223.32072339
"FT20608",668.955529104038,306.836883544922,1,0.0923085009848124,679569.84855475
"FT20697",675.471608744698,619.268432617188,1,0.078592623789072,322160.312991363
"FT20700",676.311550028049,437.531311035156,1,0.084480067235844,206993.785795159
"FT20710",676.390836872528,353.220275878906,1,0.0909335602835157,1369646.32871195
"FT20861",689.822768247278,457.946044921875,1,0.0900136837097279,991750.772997888
"FT20937",696.333207047173,302.874084472656,1,0.0751162896977909,11712732.4963731
"FT20953",697.336565752802,302.874603271484,1,0.0890735085381215,4218167.27283698
"FT20962",698.338929031809,302.874114990234,1,0.0890232239624415,891072.000560847
"FT20964",698.348807540455,356.014801025391,1,0.0840700449607636,816765.591387818
"FT21043",706.3068925617,439.357574462891,1,0.0759124278620308,2002143.57591113
"FT21070",709.315173484504,439.088439941406,1,0.0503125375906835,1626886.47426747
"FT21074",709.816675863832,439.087860107422,1,0.053089894957186,1182881.96765985
"FT21076",710.318299854882,439.0859375,1,0.0569408556432475,450479.302307361
"FT21088",711.41646384081,411.604339599609,1,0.0458076872163494,4746106.16896258
"FT21096",712.419101801236,411.604125976562,1,0.0643238346722507,1847230.29029782
"FT21256",730.881497612459,475.390655517578,1,0.0910562564764067,652412.794633725
"FT21280",733.388055536535,475.388000488281,1,0.0703718512493022,1794244.50506266
"FT21285",733.889637953999,475.388641357422,1,0.0540908737323061,1433380.29706312
"FT21288",734.391083507334,475.389465332031,1,0.0525849629891299,616737.470009631
