feature_id,ipapy2_id,name_ipapy2,name_ecmdb,kegg_id,post,biochemical_context
FT01430,C14463,(R)-3-Hydroxy-3-methyl-2-oxopentanoate,(R)-3-Hydroxy-3-methyl-2-oxopentanoate,C14463,0.0411152700461566,False
FT01430,C06762,4-Hydroxy-2-oxohexanoic acid,4-Hydroxy-2-oxohexanoic acid,C06762,0.0411152700461566,False
FT01430,C00966,2-Dehydropantoate,2-Dehydropantoate,C00966,0.0411152700461566,True
FT01430,C16272,3-Hydroxy-5-oxohexanoate,3-Hydroxy-5-oxohexanoate,C16272,0.0411152700461566,False
FT01430,C21113,NMNH,NMNH,,0.0007202553163727,False
FT01712,C00099,beta-Alanine,beta-Alanine,C00099,0.0004778592999778,True
FT01712,C00213,Sarcosine,Sarcosine,C00213,0.0004778592999778,True
FT01712,C00133,D-Alanine,D-Alanine,C00133,0.0004778592999778,True
FT01712,C00041,L-Alanine,L-Alanine,C00041,0.0004778592999778,True
FT03116,C00770,L-Idonate,L-Idonate,C00770,0.0689216046794721,False
FT03116,C00800,L-Gulonate,L-Gulonate,C00800,0.0689216046794721,True
FT03116,C00817,D-Altronate,D-Altronate,C00817,0.0689216046794721,False
FT03116,C00817,D-Altronate, D-altronate,,0.0689216046794721,False
FT03116,C00880,D-Galactonate,D-Galactonate,C15930,0.0689216046794721,True
FT03116,EMBL-MCF_spec15889_1,GLUCONIC ACID,Gluconic acid,C00257,0.0689216046794721,True
FT03116,C15930,L-Galactonate,L-Galactonate,C15930,0.0689216046794721,True
FT03116,C00514,D-Mannonate,D-Mannonate,C00514,0.0689216046794721,False
FT03116,C00519,Hypotaurine,Hypotaurine,C00519,0.0662158651499381,True
FT05429,C03589,4-Hydroxy-2-oxopentanoate,4-Hydroxy-2-oxopentanoate,C03589,0.0006799009394149,False
FT05429,C00900,2-Acetolactate,2-Acetolactate,C00900,0.0006799009394149,True
FT05429,C06010,(S)-2-Acetolactate,(S)-2-Acetolactate,C06010,0.0006799009394149,True
FT05429,C04181,3-Hydroxy-3-methyl-2-oxobutanoic acid,3-Hydroxy-3-methyl-2-oxobutanoic acid,C04181,0.0006799009394149,True
FT05429,C00214,Thymidine,Thymidine,C00214,0.0005347792342569,True
FT07376,C00831,Pantetheine,Pantetheine,C00831,0.1545487949106096,True
FT07376,C00181,D-Xylose,D-Xylose,C00181,0.0003282821720533,True
FT07376,C16639,beta-D-Ribofuranose,beta-D-ribofuranose,C16639,0.0003282821720533,True
FT07376,C08353,beta-D-Ribopyranose,beta-D-Ribopyranose,C08353,0.0003282821720533,True
FT07376,C00216,D-Arabinose,D-Arabinose,C00216,0.0003282821720533,True
FT07376,C00259,L-Arabinose,L-Arabinose,C00259,0.0003282821720533,True
FT07376,C00309,D-Ribulose,D-Ribulose,C00309,0.0003282821720533,True
FT07376,C00310,D-Xylulose,D-Xylulose,C00310,0.0003282821720533,True
FT07376,C00476,D-Lyxose,D-Lyxose,C00476,0.0003282821720533,True
FT07376,C01508,L-Lyxose,L-Lyxose,C01508,0.0003282821720533,False
FT07376,C00508,L-Ribulose,L-Ribulose,C00508,0.0003282821720533,True
