ids,rel.ids,mzs,RTs,Int,relationship,isotope pattern,charge
FT00004,0,55.0546304522175,50.6542167663574,13475240.4711742,,,
FT00061,0,72.0808314450149,50.3334281481689,1961917861.78306,bp,0,1
FT00067,0,73.0778171474506,50.6353454589844,6093135.63830611,,,
FT00452,0,118.044391403805,50.7161350250244,23051296.3525595,,,
FT00462,0,118.127884085438,50.7204933166504,24125441.9358429,,,
FT00495,0,120.092478570281,50.5831756591797,34194594.1965322,,,
FT00048,1,68.9822953237566,34.5439109802246,2199850.4023578,,,
FT00136,1,86.9927173857204,34.5381507873535,36247541.0878669,potential bp,0,1
FT00146,1,87.9935259023351,34.5431003570557,4435831.30342904,potential bp|isotope,0,1
FT00247,1,101.008362834437,34.5513763427734,83525992.426018,bp,,
FT00050,2,68.9972496807621,57.4057998657227,4660059.69494093,,,
FT00137,2,87.0076682208326,57.4385795593262,3836105.6748901,,,
FT00607,2,129.018170801334,57.1157531738281,460521076.652291,bp,0,1
FT00629,2,130.021513916993,56.9110679626465,24591004.6109085,bp|isotope,0,1
FT00784,2,139.002494346876,57.6180229187012,124565530.317079,potential bp,1,1
FT00800,2,140.00591806837,57.3918285369873,7348283.07337533,potential bp|isotope,1,1
FT00918,2,147.028799262802,57.7607536315918,372954152.392803,,,
FT00977,2,149.032984784873,56.9879722595215,3491085.80615225,,,
FT01142,2,157.013066970875,57.3867988586426,128268508.417483,potential bp,2,1
FT01166,2,158.016413549544,57.3240814208984,8191556.42695874,potential bp|isotope,2,1
FT01239,2,161.044255457382,57.8783111572266,4257860.41325893,,,
FT01590,2,175.02352547946,57.3107872009277,343997812.489302,potential bp,3,1
FT01619,2,176.02693831857,57.8908462524414,21891381.7989267,potential bp|isotope,3,1
FT02116,2,193.034195217551,57.2943992614746,281517782.108513,potential bp,4,1
FT02145,2,194.037456772792,57.3918285369873,18642276.8908216,potential bp|isotope,4,1
FT02177,2,195.038116419779,57.4713592529297,3863266.34156435,potential bp|isotope,4,1
FT02615,2,207.049969758795,57.8908462524414,9435555.36622955,,,
FT02725,2,210.060690339384,56.9879722595215,39720743.7875736,potential bp,5,1
FT02756,2,211.064008534609,57.0185203552246,2489348.97046572,potential bp|isotope,5,1
FT02969,2,216.019381371693,57.636661529541,15362440.8717785,,,
FT06829,2,291.011091573715,57.3381042480469,4692947.00029306,,,
FT13058,2,407.043191092869,57.308464050293,74462537.0799844,potential bp,6,1
FT13106,2,408.046716496019,57.4057998657227,9722136.5494714,potential bp|isotope,6,1
FT14363,2,437.972763645326,57.3381042480469,3707275.03313891,,,
FT00096,3,81.0860712240522,34.9220390319824,2112824.95808493,bp,,
FT00106,4,83.0215702413259,23.6518878936768,40321470.6441681,bp,,
FT00118,5,84.9596932885946,34.5374641418457,61987716.8680383,,,
FT00434,5,116.985918734534,34.5279350280762,127716508.007392,bp,,
FT00498,5,120.98066405755,34.2314910888672,57406776.7256918,,,
FT00649,5,130.965127793598,34.3679275512695,39130356.9750689,,,
FT00722,5,134.996299244694,34.2223205566406,82420734.1538118,,,
FT00965,5,148.975556142485,34.2333488464355,51337806.0538111,,,
FT00126,6,85.0841161971665,40.0785655975342,1105136.58168776,bp,,
FT00128,7,85.1011733467834,518.253234863281,4034953.06377188,bp,,
FT00154,8,88.9902131209551,34.5638122558594,5229143.46281677,,,
FT00256,8,102.009164595767,34.5915603637695,10062876.5235829,potential bp|isotope,0,1
FT00271,8,103.005886368427,34.5439109802246,10771476.9059525,potential bp,0,1
FT00303,8,105.003267837017,34.5410232543945,123379908.300141,bp,1,1
FT00317,8,106.004038625075,34.5439109802246,15104550.2807258,bp|isotope,1,1
FT00328,8,107.000781929678,34.5431003570557,16433804.9599892,bp|isotope,1,1
FT00407,8,114.98763721292,34.5575942993164,5208098.95685347,,,
FT00486,8,120.019665852329,34.5363330841064,46257894.5930885,potential bp|isotope,2,1
FT00501,8,121.016359765575,34.4404449462891,51849256.9018398,potential bp,2,1
FT00703,8,133.998897671964,34.5513763427734,4574762.74442364,,,
FT00727,8,135.038545424069,34.5422897338867,3149903.19135557,,,
FT00787,8,139.026932925465,34.5439109802246,6735872.06749064,,,
FT01701,8,179.039886375516,34.5716075897217,9302201.93319038,,,
FT00155,9,89.0418848659923,60.6582679748535,2265942.62533958,,,
FT00209,9,95.0239400625874,60.6582679748535,2328254.4684065,bp,,
FT06400,9,283.032949029065,60.9208450317383,1952020.3008006,,,
FT00179,10,91.0048646974805,37.6623973846436,306503.259037014,bp,,
FT00187,11,91.979852562041,37.6429824829102,4066754.53032711,bp,,
FT00192,12,92.9808139185794,37.7770080566406,1590445.48369584,bp,,
FT00210,13,95.0478799953824,51.0521297454834,4013627.41775022,bp,,
FT00212,14,95.0490700849296,530.735107421875,686079.856946896,bp,,
FT00214,15,96.0079326061409,60.620244,7721115.94801656,,,
FT00397,15,114.031521504753,60.615837097168,7742137.57489383,,,
FT00693,15,133.049404701016,60.6775684356689,14491786.7257886,,,
FT04317,15,245.076641257424,60.620244,1341624046.20325,bp,0,1
FT04374,15,246.079804575506,60.615837097168,134862560.526862,bp|isotope,0,1
FT05551,15,267.0586572166,60.8629570007324,162955471.784461,,,
FT17028,15,511.128534552374,60.9208450317383,26139765.775821,potential bp,1,1
FT17063,15,512.132145537161,60.9208450317383,5284451.89680442,potential bp|isotope,1,1
FT00221,16,97.0284042119499,44.1387329101562,5300444.67154919,bp,,
FT00234,17,98.9841361162568,41.9777526855469,152199903.954822,bp,,
FT00381,17,112.999840985876,41.9606895446777,19458585.5197167,,,
FT01101,17,155.010218127011,42.7457504272461,12062905.2263054,,,
FT00235,18,99.0440115640502,54.6026020050049,3953726.04781545,bp,,
FT01235,18,161.011944486063,53.764892578125,1461570.90283069,,,
FT00238,19,99.1168192779588,554.778900146484,333667.01414669,bp,,
FT00248,20,101.023319771531,57.396858215332,15736470.3364354,bp,,
FT00265,21,102.5707868449,35.4484062194824,6321842.4803783,bp,,
FT00272,22,103.012561023102,34.5381507873535,564378.577793897,bp,,
FT00274,23,103.038945104488,46.6705093383789,8536797.43602925,bp,,
FT00295,24,104.106928063879,39.7060008,379186064.156198,bp,,
FT00297,25,104.126266537033,35.1448593139648,5334878.89849694,,,
FT01254,25,161.164653223899,35.7519187927246,6971387.83303312,bp,,
FT00306,26,105.033506705053,534.465637207031,2408553.11747828,bp,,
FT00313,27,105.103854814881,39.3516635894775,1524906.98556684,bp,,
FT00325,28,106.11118312548,39.6981887817383,638681.395540044,bp,,
FT00326,29,106.950540128781,37.8813285827637,12051177.951347,bp,,
FT01586,29,174.93791779769,37.8568553924561,10534930.488,,,
FT00327,30,106.963118299538,28.3616428375244,1986890.31591,bp,,
FT00329,31,107.007505526999,34.5422897338867,994539.96622631,bp,,
FT00335,32,107.070247736545,393.422271728516,1005969.72643238,bp,,
FT00341,33,108.948709297565,37.8813285827637,938072.079625396,bp,,
FT00355,34,110.071271793129,37.3383750915527,2349941.89023888,bp,,
FT00365,35,111.116852270543,556.950927734375,1851035.06016883,bp,,
FT00366,36,111.116853271645,347.150665283203,1009145.12849938,bp,,
FT00384,37,113.034583725995,51.8436241149902,217175824.494189,bp,,
FT00388,38,113.059645458267,75.3873252868652,4199359.43390041,bp,,
FT00411,39,115.05034643338,50.6351318359375,85699817.4732934,bp,,
FT00413,40,115.075375546886,297.669677734375,6327323.7312744,bp,,
FT00421,41,115.578594523489,35.5239143371582,3160722.44980178,bp,,
FT00439,42,117.069882179031,558.858276367188,629769.396400672,bp,,
FT00445,43,117.576047994976,35.449161529541,3405568.55196347,bp,,
FT00457,44,118.065169606288,201.004328685547,1077871.05974513,bp,,
FT00466,45,118.942531778745,27.0886430740356,4336052.14196432,bp,,
FT00497,46,120.979238027511,778.552673339844,22009496.6930662,bp,,
FT00503,47,121.028356499822,530.735107421875,273103.184672876,bp,,
FT00521,48,122.019685954067,34.5398902893066,1013382.29230113,bp,,
FT00532,49,122.974771465437,778.254821777344,7784550.71763233,bp,,
FT00559,50,124.583819690724,35.5001907348633,8606989.69663436,bp,,
FT00562,51,125.023275375469,135.660263061523,791802.829009989,bp,,
FT00570,52,125.070881127326,34.8777465820312,1417919.1267088,bp,,
FT00580,53,126.981433642046,780.415893554688,5101089.80216843,bp,,
FT00585,54,127.03880313906,76.393684387207,6943809.09244273,bp,,
FT00603,55,128.081749564274,47.5521755218506,561742.387741939,bp,,
FT00606,56,128.979617991922,780.416137695312,2260209.39317442,bp,,
FT00613,57,129.069758812514,438.467636108398,1091429.83618964,bp,,
FT00619,58,129.127340421608,540.408477783203,1504356.17509337,bp,,
FT03051,58,217.179760208691,541.365054,1103265.58106807,,,
FT00622,59,129.576041002895,35.7518825531006,4382974.78935741,bp,,
FT00636,60,130.073166746041,499.747222900391,405593.029529264,bp,,
FT00664,61,131.129069581019,36.6642456054688,39700793.6348358,bp,0,1
FT00683,61,132.132430604511,36.6638679504395,1964601.12020093,bp|isotope,0,1
FT00690,62,133.034482897328,764.169647216797,37480228.1915824,bp,,
FT00700,63,133.584078951463,34.9217910766602,53224620.8675131,bp,,
FT02515,63,204.134160413024,35.4527816772461,7424395.27445391,,,
FT00708,64,134.044631491844,40.7592506408691,11266231.899166,bp,,
FT01119,64,156.026538175919,40.0096321105957,3782863.95513531,,,
FT00714,65,134.085687345643,34.9220390319824,6937893.53423272,bp,,
FT00723,66,135.023137231927,775.800964355469,7516815.22707695,bp,,
FT00743,67,136.061786042319,248.12174987793,4745489.91335655,bp,,
FT00744,68,136.073285879607,253.663772583008,2445010.46883652,bp,,
FT00764,69,137.13240814944,528.578308105469,1171661.19647132,bp,,
FT00770,70,138.06607272411,34.9219150543213,2044577.96279513,bp,,
FT00771,71,138.089223397545,35.5776176452637,1004459.85010184,bp,,
FT00779,72,138.581238106785,35.7503318786621,5175213.7815958,bp,,
FT00797,73,139.952832874177,780.715637207031,3929618.92022687,bp,,
FT00821,74,141.090891223778,529.474426269531,2966597.05231957,,,
FT03438,74,227.127676524725,529.474670410156,1954630.30898914,,,
FT04547,74,249.109663669631,529.474670410156,8696914.02600733,bp,,
FT00837,75,142.158984282532,565.103393554688,330564.406120368,bp,,
FT00844,76,143.033853620713,82.0474014282227,2518246.32739221,,,
FT03521,76,229.031751561035,82.0524291992188,3421773.74354854,bp,,
FT00857,77,143.091159532952,34.2149810791016,2249833.56338891,bp,,
FT00905,78,146.081033322763,40.6436576843262,7684382.87946826,bp,,
FT00923,79,147.054533526291,36.3583297729492,491689.441654056,bp,,
FT00934,80,147.112640274087,36.359489440918,816950018.416524,bp,0,1
FT00958,80,148.10966316535,36.3590240478516,6045151.54586751,bp|isotope,0,1
FT00959,80,148.115864188666,36.3697853088379,53175776.7627179,bp|isotope,0,1
FT00948,81,148.016986722128,34.5422897338867,1558890.17962675,bp,,
FT00972,82,149.023179622208,580.305358886719,1458459.05420193,bp,,
FT00974,83,149.023249591717,675.278442382812,3022374.00670883,bp,,
FT00980,84,149.059654436082,530.735107421875,1029130.70245139,bp,,
FT01034,85,151.075239452472,440.624084472656,3286932.99536111,bp,,
FT01046,86,152.031688447885,62.2549228668213,155088326.647181,bp,,
FT01145,86,157.047040838109,62.8931140899658,12558312.5682083,,,
FT01850,86,184.057974508266,62.136384,11091870.1669955,,,
FT02040,86,190.082072116479,61.5881958007812,2332647.51186782,,,
FT01068,87,153.034999149245,61.3851661682129,7277762.50248873,bp,,
FT12540,87,396.101332744174,61.5246505737305,5446552.18783902,,,
FT01078,88,153.094423735596,35.7317428588867,1294006.49870184,bp,,
FT01081,89,153.127267764106,486.948699951172,1553373.98512499,bp,,
FT01091,90,154.083667356556,79.0716857910156,61667807.8267001,bp,,
FT01110,91,155.086916583657,84.7660522460938,13924347.226925,bp,,
FT01112,92,155.106515016563,460.413146972656,1586296.56791953,bp,,
FT01136,93,156.174594097716,588.675476074219,127270.665723901,bp,,
FT01154,94,157.083399084889,223.191596984863,1575561.7162805,bp,,
FT01180,95,158.153835891451,492.880264282227,5357666.53784563,bp,,
FT01189,96,159.02759630253,53.9740295410156,7500051.89946088,bp,,
FT01206,97,159.157180097775,492.881742,457487.61351907,bp,,
FT01211,98,159.967544558722,37.57701,11788430.0324252,bp,,
FT01248,99,161.095962921063,500.059524536133,596417.558586066,bp,,
FT01252,100,161.128318663049,36.3590240478516,3776709.80370825,bp,,
FT01253,101,161.132373833915,537.90478515625,1454945.3423755,bp,,
FT01284,102,163.038889168644,675.276916503906,648941.063374308,bp,,
FT01386,103,167.04930946713,775.805297851562,11754374.9279778,bp,,
FT01389,104,167.070181887587,531.044982910156,9358074.62903665,bp,,
FT01408,105,168.041920622062,251.530395507812,326855.099062915,bp,,
FT01414,106,168.073474235029,531.04296875,885787.072932695,bp,,
FT01430,107,169.047010003621,226.684829711914,346861.555142188,bp,,
FT01432,108,169.06067067337,46.1223011016846,1313608.42515645,bp,,
FT01451,109,170.02114641924,287.995193481445,2727365.65280985,bp,,
FT01499,110,171.978956014196,780.437622070312,10151949.7672321,bp,,
FT01532,111,173.055590750631,44.8847160339355,1614094.61504995,bp,,
FT01547,112,173.136490317349,630.679077148438,183040.3657925,bp,,
FT01555,113,173.977266225208,780.482299804688,4528513.88214643,bp,,
FT01564,114,174.038505535145,46.4174118041992,688062.81592469,bp,,
FT01582,115,174.546895342179,105.855178833008,281856.979819898,bp,,
FT01611,116,175.118823882567,38.5041465759277,363030972.563803,bp,0,1
FT01636,116,176.116115258777,38.5091609954834,4856672.8661237,bp|isotope,0,1
FT01637,116,176.122048219468,38.5041465759277,22931356.7281133,bp|isotope,0,1
FT02261,116,197.10074087929,38.4908981323242,33383739.4134442,,,
FT02834,116,213.074643577702,38.4831275939941,2765253.74680199,,,
FT03123,116,219.082679845341,38.1886863708496,13559324.3371344,potential bp,1,1
FT03157,116,220.085928263323,38.1822395324707,782511.855229376,potential bp|isotope,1,1
FT01644,117,176.791853294033,31.7867908477783,239987.310515149,bp,,
FT01655,118,177.024382383009,39.3278846740723,28944339.1909746,bp,,
FT04310,118,245.011976200111,38.7959327697754,3062882.45553648,,,
FT06939,118,292.941753953949,39.4133720397949,2640697.29588261,,,
FT07482,118,302.970539930099,39.095085144043,1736434.15968562,,,
FT01659,119,177.054511870124,482.251663208008,1229683.97968169,bp,,
FT01660,120,177.060790783696,37.8449420928955,1018152.83562059,bp,,
FT01682,121,178.058483143975,38.1841068267822,16229026.36239,bp,,
FT02357,121,200.040461705687,37.8864555358887,6886446.60729946,,,
FT01704,122,179.061874673258,38.1390190124512,959293.528790496,bp,,
FT01712,123,179.106536105273,484.894119262695,4379102.06619837,bp,,
FT01732,124,180.109859413461,479.427276611328,475995.755789882,bp,,
FT01737,125,180.135714348192,492.879577636719,2593765.60171669,bp,,
FT01754,126,181.028612716906,775.861145019531,50534361.5799921,bp,,
FT01759,127,181.049394099093,675.277709960938,1146750.25441944,bp,,
FT01767,128,181.085881799753,456.091598510742,1421935.85292846,bp,,
FT01776,129,181.122221107417,450.81803894043,403115.971884861,bp,,
FT01781,130,181.139050361389,492.880264282227,190559.339733576,bp,,
FT01794,131,181.987060384095,789.893615722656,90675965.3439833,bp,,
FT01808,132,182.097243620176,35.7677268981934,7062537.39087181,bp,,
FT01817,133,182.767953738713,32.4042434692383,1109320.58964999,bp,,
FT01832,134,183.098980998154,441.248031616211,1307303.02174551,bp,,
FT01890,135,185.114670834143,393.420486450195,10690257.7513361,bp,,
FT01910,136,186.052480301825,307.797821044922,247544.993573054,bp,,
FT01922,137,186.118032852101,393.411666870117,837992.644691062,bp,,
FT01926,138,186.221533350048,546.978149414062,1174877.98621399,bp,,
FT01959,139,187.144005620672,185.364303588867,2235992.56301408,bp,,
FT01962,140,187.224893312834,546.947143554688,117286.544359387,bp,,
FT01975,141,188.031666801599,41.2261276245117,1317009.55948646,,,
FT13924,141,427.095425623618,41.8315010070801,33588074.6357636,bp,,
FT01996,142,188.17558729164,39.3745231628418,225397655.353782,bp,,
FT02068,143,191.085407666301,571.381591796875,232322.930835047,bp,,
FT02073,144,191.127637126227,430.059448242188,1990427.1178894,bp,,
FT02077,145,191.164000793901,477.87141418457,1342575.62382143,bp,,
FT02090,146,192.032372671658,47.0267448425293,9663374.62068247,bp,,
FT02096,147,192.073665926198,38.1494064331055,621400.582393927,bp,,
FT02114,148,192.990589098841,130.989349365234,379722.658266894,bp,,
FT02125,149,193.099208208737,118.054588317871,227975.563403095,bp,,
FT02126,150,193.113280556658,33.9408988952637,8196358.28640101,,,
FT05535,150,266.658163560475,33.6427459716797,18381068.1171768,bp,,
FT02129,151,193.131446630761,215.172203063965,1291644.6338994,bp,,
FT02158,152,194.151506798527,545.740692138672,198658.495102558,bp,,
FT02172,153,195.006221580053,209.266273498535,472195.153934194,bp,,
FT02185,154,195.101493960227,530.735107421875,115577743.857754,bp,,
FT02197,155,195.138000199805,497.260314941406,641663.949044951,bp,,
FT02226,156,196.10474177495,530.735107421875,13729158.2059633,bp,,
FT02264,157,197.106907533034,530.735107421875,771989.293796872,bp,,
FT02283,158,198.052428875481,330.543304443359,825953.816191526,bp,,
FT02310,159,198.593481237115,35.7519187927246,1887716.75586636,bp,,
FT02319,160,199.010977661035,778.298767089844,25735672.8779273,bp,,
FT02327,161,199.071264219895,44.8040561676025,1664619.81586351,,,
FT02476,161,203.066117419918,43.9560710546875,2640669.66893575,bp,,
FT02361,162,200.068096457044,326.879913330078,461584.847468652,bp,,
FT02377,163,200.164373273231,437.538024902344,967232.30299414,bp,,
FT02379,164,200.200773636028,592.5673828125,2316134.67939098,bp,,
FT02399,165,201.015735264459,45.3917541503906,1039809.67986731,bp,,
FT02426,166,201.626517487383,118.319831848145,2560818.17500996,bp,,
FT02436,167,202.04740371252,39.1043663024902,998218.134147863,bp,,
FT02440,168,202.083734875925,273.887322,1406017.06717132,bp,,
FT02457,169,202.2163923383,493.191467285156,634884.825564241,bp,,
FT02464,170,202.634161870315,33.9286270141602,3323705.01856741,bp,,
FT02466,171,202.986073052324,69.9819030761719,528731.277838998,bp,,
FT02486,172,203.106541534557,532.599945068359,232253.643223123,,,
FT08274,172,317.172372162473,531.969482421875,2936180.30485138,bp,0,1
FT08327,172,318.175747811997,531.969482421875,513740.84667594,bp|isotope,0,1
FT02503,173,204.041832334301,138.684875488281,3898137.43386633,bp,,
FT02504,174,204.063041181321,65.0647277832031,5619111.80494641,bp,,
FT02530,175,204.97931704263,76.6187171936035,438563.627242868,bp,,
FT02545,176,205.085985049019,580.620971679688,446801.246999922,bp,,
FT02553,177,205.122337297744,498.499847412109,704215.618413341,bp,,
FT02578,178,206.065840913186,46.401798248291,697634.689506186,bp,,
FT02600,179,206.617982871027,54.9506168365479,16849842.2714673,bp,,
FT02617,180,207.073794058799,79.5253677368164,17045254.6576994,bp,,
FT02648,181,208.069134523181,46.1363143920898,865311.306560305,bp,,
FT02713,182,209.623923051354,34.5532493591309,2435328.78383955,bp,,
FT02745,183,210.156862401349,560.710266113281,138091.9409263,bp,,
FT02760,184,211.093869954234,480.382507324219,972685.631212842,bp,,
FT02797,185,212.052871294205,70.2219161987305,6022758.25168116,bp,,
FT02798,186,212.052731697191,565.715667724609,104621.692188486,bp,,
FT02807,187,212.099142951284,320.728315083984,1930067.30295238,bp,,
FT02842,188,213.109530534045,419.544555664062,4266313.52371845,bp,,
FT02847,189,213.123313654575,254.347160339355,780752.044533245,bp,,
FT02873,190,214.051117653516,42.6099891662598,26908064.1799256,bp,,
FT02882,191,214.089435923048,461.054562,1376481.3294773,bp,,
FT02923,192,215.016062213475,45.2080402374268,234683314.813937,bp,,
FT02934,193,215.104148425005,499.746459960938,5659915.79186106,bp,,
FT02949,194,215.256189893161,579.393798828125,501380.940828849,bp,,
FT02968,195,216.014432819903,38.1822395324707,490495.881700518,bp,,
FT02970,196,216.030058924976,116.016593933105,2264988.99766259,bp,,
FT02980,197,216.097809222833,43.8275699615479,10551893.4883113,bp,,
FT02984,198,216.107493871555,499.746780395508,646794.303697718,bp,,
FT03024,199,217.041995276761,71.4118690490723,881357.681709376,bp,,
FT03029,200,217.081855699278,46.1312599182129,9770666.94997371,bp,,
FT03030,201,217.083417720302,530.73486328125,16787498.1496992,bp,0,1
FT03073,201,218.086723760232,530.735107421875,1885181.85260539,bp|isotope,0,1
FT03031,202,217.094675460257,231.63410949707,2821603.60287219,bp,,
FT03041,203,217.122258250628,516.028442382812,1562194.12723526,bp,,
FT03071,204,218.085184074452,46.3805351257324,800354.063446653,bp,,
FT03096,205,218.211332404314,404.833679199219,1926984.26218381,bp,,
FT03098,206,218.605564101886,267.979034423828,419740.637887738,bp,,
FT03116,207,219.04729301049,444.318939208984,1125625.1902513,bp,,
FT03144,208,219.599905942112,267.675750732422,708084.366044101,bp,,
FT03153,209,220.060240217917,76.8919372558594,448800.68794354,bp,,
FT03162,210,220.112026119471,575.127532958984,490400.60001285,bp,,
FT03174,211,220.594304328519,261.034606933594,2944060.93403041,bp,,
FT03220,212,221.623972503191,33.6299743652344,624148.975730199,bp,,
FT03230,213,222.056747817165,48.5730514526367,860826.04200495,,,
FT05565,213,267.131986151965,49.1228103637695,3163027.78834551,bp,,
FT03248,214,222.182755101702,592.5673828125,1077231.48361217,bp,,
FT03276,215,223.096401817467,481.939147949219,3260496.70325408,bp,,
FT03300,216,223.585721869927,103.387351989746,192393.6100342,bp,,
FT03327,217,224.099655826722,481.939270019531,362603.018270406,bp,,
FT03381,218,225.195987103445,506.627563476562,946688.806875393,bp,,
FT03412,219,226.594295644313,267.741058349609,11941424.7898622,bp,,
FT03424,220,227.078970636137,274.114105224609,607100.840026147,bp,,
FT03427,221,227.09607508,267.673858642578,2242446.64474027,bp,,
FT03430,222,227.104060179527,498.559326171875,726749.264916542,bp,,
FT03467,223,227.95452691922,37.589111328125,7766494.92092868,bp,,
FT03517,224,228.955474771955,37.5793037414551,2436912.30337423,bp,,
FT03534,225,229.119854824018,524.760620117188,3640747.234129,bp,,
FT03592,226,230.123171082565,524.772546820313,448467.761342549,bp,,
FT03610,227,230.247790549775,543.203002929688,5669958.53484393,bp,0,1
FT03660,227,231.251115386132,543.214569091797,813807.277450027,bp|isotope,0,1
FT03628,228,231.07402425445,322.56169128418,1003427.010795,bp,,
FT03650,229,231.135519686901,560.399108886719,958466.529602733,bp,,
FT03715,230,232.89644208213,38.7350234985352,6703301.61492654,bp,,
FT03724,231,233.01186666339,439.701171875,352705.518141244,,,
FT04663,231,251.058863783979,439.701599121094,899423.193082155,,,
FT05419,231,265.038236167001,439.702575683594,3657706.60750406,bp,,
FT07152,231,297.064414094065,439.702758789062,1667478.63637876,,,
FT21070,231,709.315173484504,439.088439941406,2000399.74482812,potential bp,0,2
FT21074,231,709.816675863832,439.087860107422,1486894.12206597,potential bp|isotope,0,2
FT03729,232,233.060026646664,272.352783203125,488584.050532565,bp,,
FT03737,233,233.093646419657,546.087249755859,117618.612905711,bp,,
FT03762,234,233.602198899639,261.330932617188,5024281.65759087,bp,,
FT03776,235,234.084769555897,79.9180908203125,36281633.630908,bp,,
FT03779,236,234.104030146162,261.330932617188,1069675.16104239,bp,,
FT03787,237,234.144720480892,35.449161529541,1823928.23867004,bp,,
FT03793,238,234.193282954324,557.909027099609,122782.478853781,bp,,
FT03799,239,234.605155118789,258.152252197266,908121.84678829,bp,,
FT03813,240,234.893640564632,38.7350807189941,2458786.34700601,bp,,
FT03824,241,235.056589149384,38.1988334655762,1316770.73071104,bp,,
FT03832,242,235.087960770892,79.9174499511719,3496460.84287173,bp,,
FT03842,243,235.13338467979,32.7256240844727,384137.747273058,bp,,
FT03852,244,235.169202762917,567.891784667969,5206360.82331722,bp,,
FT03882,245,236.113616525118,564.461395263672,1133633.39156727,bp,,
FT03898,246,236.172521361074,567.913757324219,768990.649621162,bp,,
FT03906,247,236.629232665844,33.3558082580566,333641.137172642,bp,,
FT03928,248,237.084309265077,286.041534423828,575998.973932436,bp,,
FT03931,249,237.10373693325,96.1417770385742,808677.407276804,bp,,
FT03934,250,237.112051718086,508.184295654297,1058433.09471709,bp,,
FT03941,251,237.146006629328,538.849273681641,3065311.74145932,bp,,
FT03946,252,237.163697750935,631.658721923828,618428.446999327,bp,,
FT04023,253,239.104151809093,516.029174804688,1642546.95816085,bp,,
FT04031,254,239.136921811862,33.9415512084961,1464409.29562695,bp,,
FT04039,255,239.161691448393,555.707458496094,8743314.50718031,bp,,
FT04042,256,239.200484401683,595.234069824219,839793.897061069,bp,,
FT04078,257,240.16734499965,555.599395751953,1103263.69185443,bp,,
FT04097,258,241.083868301956,307.454132080078,7702752.5645469,bp,,
FT04098,259,241.094743386465,325.638000488281,3151395.78549657,bp,,
FT04102,260,241.119695206799,515.751922607422,389345.549973182,bp,,
FT04107,261,241.140903787238,508.486419677734,1463566.01684985,bp,,
FT04121,262,241.57090455935,306.255950927734,1215615.19161469,bp,,
FT04123,263,241.599612720596,258.083099365234,14979248.4618237,bp,,
FT04149,264,242.092102249473,325.369384765625,459602.430175411,bp,,
FT04168,265,242.211316535184,529.78369140625,513864.405071957,bp,,
FT04212,266,243.108467600435,43.9600067138672,2091717.32357175,bp,,
FT04289,267,244.263444148565,539.47607421875,180219.557766007,bp,,
FT04290,268,244.29038882607,603.237365722656,7360955.36989749,bp,,
FT04344,269,245.293545577424,603.2353515625,325570.568012042,bp,,
FT04373,270,246.073726834485,245.016525268555,691974.333404537,bp,,
FT04405,271,246.242626905997,485.691802978516,9356507.10216426,bp,,
FT04416,272,246.64444780465,220.052398681641,244979.323327306,bp,,
FT04431,273,247.083907113978,290.227661132812,4033682.21894184,bp,,
FT04432,274,247.083995309597,214.445465087891,437613.190337193,bp,,
FT04452,275,247.169171921736,585.086364746094,818627.422763215,bp,,
FT04456,276,247.245949049657,485.692443847656,1298327.05525385,bp,,
FT04462,277,247.585684133258,290.235443115234,865989.352348993,bp,,
FT04493,278,248.10299134225,210.927947998047,354346.496419551,bp,,
FT04538,279,249.064425996291,328.405334472656,1031386.52493812,bp,,
FT04568,280,249.182582686411,571.618896484375,3590796.89027911,bp,,
FT04579,281,249.585797192853,258.086273193359,4357392.37080952,bp,,
FT04599,282,250.038407074712,138.68669128418,3631485.6850357,bp,,
FT04607,283,250.086241270552,626.600280761719,399660.782614453,bp,,
FT04610,284,250.098359072299,352.392883300781,1408823.66311504,bp,,
FT04615,285,250.116180376569,237.851058959961,8201001.10524157,bp,,
FT04628,286,250.177608882746,503.815414428711,7644622.36938118,potential bp,0,1
FT04695,286,251.180846127695,503.815124511719,913090.827871271,potential bp|isotope,0,1
FT06378,286,282.203835443117,503.813995361328,26425437.2511875,bp,1,1
FT06428,286,283.207190268508,503.813751220703,3816653.11032777,bp|isotope,1,1
FT06481,286,284.210099526488,503.809661865234,293861.655437847,bp|isotope,1,1
FT16984,286,509.392448078903,503.809265136719,149945.062379489,,,
FT04630,287,250.188154508179,571.413482666016,538377.05057557,bp,,
FT04638,288,250.586837177947,72.6237258911133,2574219.17015983,bp,,
FT04639,289,250.59097949697,307.7978515625,429112.031706119,bp,,
FT04718,290,252.02601179552,340.374389648438,262812.903718128,bp,,
FT04726,291,252.085862920792,299.468414306641,1325274.82646031,bp,,
FT04728,292,252.095403983568,46.4174118041992,834258.210206868,bp,,
FT04750,293,252.195776354922,599.877136230469,4205785.39326318,potential bp,0,1
FT04804,293,253.199146379395,599.922760009766,638643.423139486,potential bp|isotope,0,1
FT04999,293,257.151145154592,599.586486816406,26355338.3680183,bp,,
FT04767,294,252.758365498124,211.000350952148,518869.727064424,bp,,
FT04779,295,253.078124268397,299.218566894531,530060.800768138,bp,,
FT04781,296,253.097998431319,350.861053466797,2073058.86400898,bp,,
FT04786,297,253.106934786935,501.053497314453,1086085.74281054,bp,,
FT04797,298,253.15260545777,33.984001159668,1362666.24812886,bp,,
FT04805,299,253.213818795655,635.082580566406,1858358.16066912,bp,,
FT04835,300,254.110255000788,501.201812744141,115383.609812956,bp,,
FT04855,301,254.217065256559,635.328369140625,248265.597002183,bp,,
FT04884,302,255.094974861095,43.2228698730469,11153883.492214,bp,0,1
FT04930,302,256.098191585343,43.0489559173584,1169817.26060661,bp|isotope,0,1
FT04891,303,255.127470327177,300.098052978516,296595.323408653,bp,,
FT04894,304,255.15714133764,497.271072387695,28140171.427228,bp,,
FT04943,305,256.162290538055,497.282302856445,4079391.1685176,bp,,
FT04947,306,256.19068092522,555.424224853516,701293.850516286,bp,,
FT04950,307,256.227068029986,552.611022949219,721653.515738647,bp,,
FT04952,308,256.263433914831,651.610992431641,8918569.28951792,bp,0,1
FT05011,308,257.266744580999,651.626037597656,1393128.91320002,bp|isotope,0,1
FT04961,309,256.604942323321,295.825927734375,5599013.51369229,bp,,
FT04984,310,257.088022155879,357.591969213867,4601852.95262655,bp,,
FT04994,311,257.135804314776,441.556121826172,1069809.1910486,bp,,
FT05003,312,257.164821616876,497.260162353516,282851.606766254,bp,,
FT05017,313,257.567235839546,45.439281463623,3506915.72647876,bp,,
FT05022,314,257.589819866545,357.591888427734,986860.560140549,bp,,
FT05051,315,258.095679464333,565.069885253906,602707.932611044,bp,,
FT05052,316,258.096015018684,288.183410644531,620181.1364034,bp,,
FT05053,317,258.108442394743,53.3605823516846,14698877.26252,bp,,
FT10911,317,364.651598654942,53.3583145141602,1552968.40730173,,,
FT05075,318,258.573107610861,72.830810546875,955923.877712039,bp,,
FT05096,319,259.064037554809,37.2843246459961,22689511.4687994,,,
FT08772,319,327.051347139496,37.2843246459961,28221980.4658548,bp,,
FT05142,320,259.672617909914,311.820465087891,165821.23350038,bp,,
FT05149,321,260.019708108818,43.9456939697266,3996291.83023192,bp,,
FT05153,322,260.067357657568,37.2794799804688,1665298.21264941,bp,,
FT05165,323,260.118578428818,324.162734985352,1496327.4925995,bp,,
FT05166,324,260.123953808994,46.383430480957,5710243.75735958,,,
FT09101,324,332.561788291862,46.078405380249,134968699.781775,bp,0,2
FT09115,324,333.06335557895,46.0735893249512,32973400.290557,bp|isotope,0,2
FT05225,325,261.146140536733,555.703308105469,11200949.197891,bp,,
FT05268,326,262.103339883222,41.8293838500977,3600991.80096032,bp,,
FT05279,327,262.149491262324,555.716094970703,1636627.99955518,bp,,
FT05284,328,262.178361295018,515.071899414062,210510.367275109,bp,,
FT05286,329,262.201332841699,556.660217285156,665226.245004067,bp,,
FT05326,330,263.125371981667,524.152404785156,474305.290018144,bp,,
FT05333,331,263.161735097027,489.432189941406,462401.09687425,bp,,
FT05336,332,263.171264439815,47.8643951416016,872169.134471859,bp,,
FT05339,333,263.198214537487,628.615783691406,698228.500198224,bp,,
FT05341,334,263.244140083148,32.094051361084,1192018.87881912,bp,,
FT05367,335,264.092179191299,258.246627807617,1850508.45427029,bp,,
FT05374,336,264.131647724601,262.729766845703,17644138.4058485,,,
FT06410,336,283.105152839797,262.269836425781,29102256.4025933,bp,,
FT07266,336,299.119599347026,263.500762939453,1818740.80259433,,,
FT05383,337,264.168279873033,218.836837768555,2784467.87173933,bp,,
FT05397,338,264.593597763245,258.895080566406,380817.018327229,bp,,
FT05429,339,265.085718503708,278.192047119141,1614896.58878283,bp,,
FT05430,340,265.088317116535,38.1292629241943,1432737.85684057,bp,,
FT05435,341,265.102117719476,346.834991455078,4897543.94570431,bp,,
FT05437,342,265.11585662427,324.100921630859,74970086.2299505,bp,0,1
FT05501,342,266.119086334941,324.098999023438,8781267.2858369,bp|isotope,0,1
FT05464,343,265.603894999983,346.819885253906,1282708.546596,bp,,
FT05490,344,266.074774230184,47.3034744262695,2809430.45762336,bp,,
FT05493,345,266.0898560799,271.993041992188,285397.017218099,bp,,
FT05524,346,266.447722304556,283.557189941406,1602144.40098795,bp,,
FT05569,347,267.156731711374,556.422424316406,5924616.34398742,bp,,
FT05571,348,267.159865148136,33.6714782714844,4116896.6649723,bp,,
FT05573,349,267.171962684855,583.238067626953,849639.372267315,bp,,
FT05582,350,267.615348678336,371.189758300781,10799005.9505023,bp,,
FT05595,351,268.02797310845,37.5730743408203,1950970.1918355,bp,,
FT05601,352,268.072637925604,103.023452758789,1646240.75752969,bp,,
FT05605,353,268.113562600243,365.623382568359,14271529.0339192,bp,,
FT05606,354,268.112930856282,284.084777832031,484589.880335988,bp,,
FT05619,355,268.154229463568,497.599151611328,425179.325224277,bp,,
FT05621,356,268.160074846806,556.660888671875,746063.205054854,bp,,
FT05623,357,268.188232172287,503.509735107422,1033387.03457452,bp,,
FT05626,358,268.224596425885,485.693145751953,404001.296231078,bp,,
FT05627,359,268.227138374483,561.000793457031,162151.983573038,bp,,
FT05628,360,268.299885652388,610.668579101562,1389294.29152798,bp,,
FT05648,361,269.056667509259,272.78157043457,367078.037531598,bp,,
FT05651,362,269.063308630361,61.0804595947266,1880644.18885169,,,
FT20005,362,630.155894367718,60.923118,4001490.3148971,bp,,
FT05660,363,269.116772709788,365.615173339844,915991.550580728,bp,,
FT05694,364,270.086660626669,306.279327392578,823442.566218118,bp,,
FT05743,365,271.066516189645,175.230102539062,241223.153751849,bp,,
FT05748,366,271.105257429935,280.292694091797,1297750.58988974,bp,,
FT05768,367,271.188018508717,516.340148925781,537500.460055762,bp,,
FT05774,368,271.318843272739,622.09458,12560759.4490615,bp,,
FT05801,369,272.078205840956,258.102279663086,568546.92196611,bp,,
FT05810,370,272.128044161343,391.91943359375,1653363.43106573,bp,,
FT05818,371,272.170279130524,571.912963867188,329597.029266226,bp,,
FT05823,372,272.185585265138,497.271072387695,4475072.76539039,bp,,
FT05829,373,272.258433509334,565.061706542969,1131929.52722743,bp,,
FT05830,374,272.322129964115,622.095458984375,1076050.55847004,bp,,
FT05834,375,272.570492280875,99.8639259338379,876654.331007544,bp,,
FT05863,376,273.07209556561,100.250762939453,218521.459222555,bp,,
FT05865,377,273.084507584825,95.8310394287109,708974.874193435,bp,,
FT05869,378,273.101309339651,357.585723876953,516478.736790004,bp,,
FT05871,379,273.109721641582,498.053387330078,4485957.79406964,bp,,
FT05876,380,273.125143297745,599.859619140625,831012.10147202,bp,,
FT05878,381,273.132072760699,114.329643249512,3750768.3065138,bp,,
FT05883,382,273.146136553451,574.747955322266,619999.79068614,bp,,
FT05894,383,273.188760407248,497.260711669922,930821.694153091,bp,,
FT05950,384,274.274022240799,537.297729492188,68203814.2483682,bp,0,1
FT06002,384,275.277337191766,537.309936523438,11771843.1104543,bp|isotope,0,1
FT05969,385,275.037908745668,37.4629001617432,1467429.84536928,bp,,
FT05972,386,275.088900594561,501.017883300781,1279534.95588078,bp,,
FT06000,387,275.221813632505,603.747131347656,931575.553335511,bp,,
FT06001,388,275.258088735372,636.490051269531,1180016.31987939,bp,,
FT06028,389,276.117566000355,320.122283935547,820512.516781251,bp,,
FT06045,390,276.261443656958,636.400817871094,180693.573959392,bp,,
FT06046,391,276.280580681814,537.297729492188,930064.894273822,bp,,
FT06092,392,277.140944042769,497.261688232422,33067457.6892549,bp,0,1
FT06141,392,278.144264672376,497.260711669922,4783364.01530764,bp|isotope,0,1
FT06106,393,277.213844682633,641.742401123047,1318719.35051432,bp,,
FT06159,394,278.217199253781,642.189636230469,243170.185480118,bp,,
FT06166,395,278.572547280649,55.541389465332,94874638.5005561,bp,,
FT06189,396,279.091958102153,239.12928,651605.278244039,bp,,
FT06203,397,279.146637113485,497.260162353516,381418.512521572,bp,,
FT06206,398,279.159089407171,580.306457519531,12954492.8994635,bp,,
FT06250,399,280.105714456763,294.851348876953,312149.520337568,bp,,
FT06267,400,280.162458233466,580.305908203125,2103970.60537341,bp,,
FT06319,401,281.122044356769,117.096473693848,766092.873408057,bp,,
FT06335,402,281.245157403359,659.949829101562,2134846.05902039,bp,,
FT06337,403,281.295104422826,592.92919921875,208122.421296142,bp,,
FT06358,404,282.088249347722,171.444137573242,415727.962284642,bp,,
FT06372,405,282.169959428993,531.334350585938,285472.022430593,bp,,
FT06407,406,283.084293858319,365.887878417969,842918.705187274,bp,,
FT06417,407,283.141549811919,444.293273925781,7017521.78061678,bp,,
FT06421,408,283.151631334551,484.428126328125,1592949.91816635,bp,,
FT06447,409,283.71734147382,382.640930175781,1181927.08741084,bp,,
FT06467,410,284.144927167342,444.318359375,1040093.52011023,bp,,
FT06469,411,284.154903092928,484.116790771484,184756.332671387,bp,,
FT06482,412,284.219142939017,382.639801025391,351633.696064842,bp,,
FT06484,413,284.222001457246,555.707458496094,373217.345527747,bp,,
FT06493,414,284.608602713757,234.45133972168,419680.901291956,bp,,
FT06495,415,284.625577213559,413.118682861328,16249023.3228735,bp,,
FT06509,416,284.910002489101,38.4952239990234,7825051.35042662,bp,,
FT06522,417,285.103993323501,252.518966674805,549014.495202435,bp,,
FT06526,418,285.121032809028,313.829315185547,934244.783748938,bp,,
FT06527,419,285.127328634047,413.119110107422,4856513.10575467,bp,,
FT06531,420,285.143680351683,566.003051757812,1012630.30343522,bp,,
FT06548,421,285.298181192034,672.263793945312,505936.227514457,bp,,
FT06553,422,285.602924682,234.444942,1506205.81035493,,,
FT06918,422,292.597358933644,234.444942,13358882.7476009,bp,0,2
FT06943,422,293.099185126213,234.44586730127,3133874.02903734,bp|isotope,0,2
FT06580,423,286.104738315096,234.395568847656,372024.036475164,bp,,
FT06628,424,286.907043335609,38.4962825775146,3240266.64609611,bp,,
FT06630,425,287.032434870463,91.1486434936523,354068.582629443,bp,,
FT06644,426,287.12536154742,531.351684570312,1274153.61932289,bp,,
FT06646,427,287.140731048609,551.016845703125,793870.638795214,bp,,
FT06695,428,288.128685202545,531.353057861328,178088.029244368,bp,,
FT06703,429,288.143013977359,37.5730743408203,2822421.99414417,bp,,
FT06749,430,289.07704556271,117.103294372559,568156.647816004,bp,,
FT06755,431,289.132148191365,564.497680664062,293749.608285216,bp,,
FT06763,432,289.149648299884,401.107666015625,976832.175663099,bp,,
FT06764,433,289.153886955246,582.816802978516,821427.997573632,bp,,
FT06856,434,291.171948728314,631.656860351562,294996.777084221,bp,,
FT06861,435,291.229436226699,581.955261230469,301410.666046532,bp,,
FT06893,436,292.123477948574,260.792877197266,2574465.14094849,bp,,
FT06914,437,292.284628094206,636.58642578125,446659.370055613,bp,,
FT06962,438,293.174675709692,545.732788085938,569729.715182531,bp,,
FT06968,439,293.218197501788,36.3615875244141,675033.404691052,bp,,
FT07019,440,294.593841331664,234.444942,247308.811972361,bp,,
FT07063,441,295.188134753126,532.288635253906,1180654.29211491,bp,,
FT07097,442,296.098993451065,263.978393554688,4447445.94123621,bp,,
FT07125,443,296.256041552729,537.297729492188,1077735.88300365,bp,,
FT07132,444,296.627827384723,349.013870239258,1330967.65651061,bp,,
FT07155,445,297.099582236588,312.732666015625,5473926.39659685,bp,,
FT07169,446,297.158918535899,122.907363891602,706860.571420641,bp,,
FT07176,447,297.203677420494,603.849060058594,3513519.17716562,bp,,
FT07185,448,297.601297005247,312.745864868164,1585322.39047949,bp,,
FT07203,449,298.101283694839,67.9581413269043,1658409.40831755,bp,,
FT07226,450,298.23771636917,555.703308105469,434676.347689272,bp,,
FT07227,451,298.243445197558,636.574279785156,491992.747683749,bp,,
FT07256,452,299.079071233825,262.595596313477,364420.145386274,bp,,
FT07260,453,299.091375962206,245.492919921875,1058403.24388224,bp,,
FT07269,454,299.136673792586,314.806427001953,8679660.10650009,bp,,
FT07295,455,299.623363652743,311.828155517578,1079887.30771623,bp,,
FT07301,456,299.669818169905,366.030914306641,769254.06314916,bp,,
FT07323,457,300.140215913412,314.817016601562,1375823.28956334,bp,,
FT07344,458,300.622135410153,363.770599365234,12902739.7875284,bp,,
FT07345,459,300.638679319712,297.686904907227,149529.396603858,bp,,
FT07366,460,301.082962298905,234.458953857422,1069530.03848428,bp,,
FT07370,461,301.097960818699,400.228149414062,2021463.67573206,bp,,
FT07376,462,301.118182458534,278.825134277344,10550782.2912191,bp,0,1
FT07432,462,302.122571360664,278.951354980469,1085313.80968398,bp|isotope,0,1
FT07377,463,301.123825870188,363.770599365234,3478569.15267148,bp,,
FT07382,464,301.141011914009,580.306671142578,19468311.6082797,bp,0,1
FT07437,464,302.144383441091,580.305297851562,3217367.74949895,bp|isotope,0,1
FT07392,465,301.177432343645,570.192260742188,5064651.98637201,bp,,
FT10828,465,363.147905143259,570.09765625,264449.157016108,,,
FT07400,466,301.216162728926,605.088439941406,550493.577371899,bp,,
FT07492,467,303.134521647238,556.63720703125,344076.77920268,bp,,
FT07535,468,304.116888706349,37.8117065429688,689389.124717738,bp,,
FT07582,469,305.131325050522,300.430164,5251132.34758501,bp,,
FT07602,470,305.245109712979,664.852081298828,876824.707465158,bp,,
FT07615,471,305.632949395246,300.710510253906,1404556.32240948,bp,,
FT07638,472,306.121195648003,358.829681396484,1343132.75566796,bp,,
FT07689,473,307.124771044465,358.828582763672,230123.268790982,bp,,
FT07747,474,308.125992106175,316.949157714844,232721.870630009,bp,,
FT07776,475,308.601571667552,327.803497314453,678770.744968756,bp,,
FT07779,476,308.619768681064,297.669677734375,2379833.87701581,bp,,
FT07830,477,309.203589436596,600.558532714844,15163082.4352319,bp,,
FT07891,478,310.23765966783,597.726379394531,397816.757530312,bp,,
FT07895,479,310.639390090466,237.891764180664,5036431.54196823,bp,,
FT07912,480,311.080177093398,530.734802246094,1345930.34002774,bp,,
FT07922,481,311.142508047693,237.893768310547,1732907.14061059,bp,,
FT07926,482,311.164151340122,633.604125976562,421304.428535448,bp,,
FT07957,483,312.083476086694,530.712310791016,167182.063582038,bp,,
FT07988,484,312.326104551607,695.59716796875,571521.386291431,bp,,
FT07992,485,312.602557452658,279.136596679688,392936.008258676,bp,,
FT08013,486,313.052922930379,299.225616455078,190820.745006464,bp,,
FT08015,487,313.070600491413,245.335723876953,1141817.5804815,bp,,
FT08020,488,313.106889230016,282.72282409668,1649388.98913255,bp,,
FT08026,489,313.13515911596,315.531982421875,3748408.55272749,bp,,
FT08050,490,313.6284208446,361.642486572266,824019.559016647,bp,,
FT08070,491,314.084159416568,58.4895973205566,1859008.74345472,bp,,
FT08075,492,314.11106935713,105.83992767334,4266382.87231589,bp,0,1
FT08140,492,315.114594677303,105.547389984131,569864.98161276,bp|isotope,0,1
FT08076,493,314.120893766325,325.640228271484,1099943.7260867,bp,,
FT08104,494,314.341678895724,619.934814453125,344768.102842624,bp,,
FT08131,495,315.049843242896,69.8345184326172,587388.215672007,bp,,
FT08156,496,315.193201085697,597.210266113281,1304135.60181013,bp,,
FT08159,497,315.191241001495,497.260314941406,321368.713088173,bp,,
FT08160,498,315.200063470627,36.9511470794678,1110235.30943865,bp,,
FT08273,499,317.173465683731,33.9296760559082,1345946.61722968,bp,,
FT08294,500,317.674178927671,122.74486541748,531497.903593665,bp,,
FT08310,501,318.114537464868,285.560119628906,838007.905928949,bp,,
FT08320,502,318.147781854129,43.6572761535645,2715588.23993444,bp,,
FT08354,503,318.811887165012,304.096099853516,431894.433609075,bp,,
FT08380,504,319.156740170117,620.551574707031,377027.341751756,bp,,
FT08394,505,319.247745703235,602.636352539062,1095499.4629778,bp,,
FT08423,506,320.144188529293,398.384063720703,1419032.2647102,bp,,
FT08464,507,321.117180340857,315.527267456055,9492807.95154025,bp,,
FT08469,508,321.134151768801,285.255737304688,1262742.18520096,bp,,
FT08475,509,321.158388120291,564.447631835938,134265.964363988,bp,,
FT08502,510,321.618838549034,315.531982421875,2664543.41233561,bp,,
FT08503,511,321.625869514422,311.203308105469,1566795.2391147,bp,,
FT08619,512,324.059062082932,42.5768165588379,13886076.4978991,bp,,
FT08646,513,324.21692507969,580.323974609375,1238779.8891642,bp,,
FT08661,514,324.689226858462,267.282989501953,3371104.52169947,bp,,
FT08667,515,325.043139677026,45.4685974121094,6276247.07859946,bp,,
FT11177,515,370.052355986667,46.3879280090332,705590.90776963,,,
FT08682,516,325.162582874524,613.179992675781,283104.258684129,bp,,
FT08693,517,325.220069002058,580.103393554688,167811.656399786,bp,,
FT08695,518,325.271389915969,655.033264160156,1251179.25702444,bp,,
FT08740,519,326.245475569373,583.40966796875,204127.712516105,bp,,
FT08750,520,326.619904716803,313.632019042969,193553.13165423,bp,,
FT08751,521,326.628042418001,411.906732140625,3052991.36794273,bp,,
FT08770,522,327.008114135577,517.89794921875,1740374.0710712,bp,,
FT08777,523,327.117481062374,265.425979614258,3334561.05196249,bp,,
FT08805,524,327.336968956338,621.693786621094,451013.819382577,bp,,
FT08813,525,327.61885359052,264.62190246582,982575.343845487,bp,,
FT08832,526,328.0550272171,37.2764701843262,2229743.14143446,bp,,
FT08876,527,328.643362519485,384.814147949219,416815.44170132,bp,,
FT08893,528,329.005167833103,517.896545410156,1661627.61081225,bp,,
FT08896,529,329.042859538492,245.349594116211,1483779.71421715,bp,,
FT08897,530,329.041321684717,80.9843826293945,2291206.4950234,bp,,
FT08903,531,329.080641489611,365.593795776367,1972426.03605622,bp,,
FT08927,532,329.210892265848,606.625244140625,150284.950829922,bp,,
FT08960,533,330.07298950238,52.3954658508301,8642926.062969,bp,,
FT08988,534,330.336691703407,597.686395306641,2491688.44326476,bp,,
FT09013,535,331.002169753611,517.897247314453,481298.965623517,bp,,
FT09014,536,331.022154121243,70.2592391967773,239365.032471685,bp,,
FT09017,537,331.063392498899,241.633331298828,470972.973735796,bp,,
FT09051,538,331.3401152359,597.685662884766,488083.64415641,bp,,
FT09120,539,333.120825149859,370.254791259766,1688140.90320472,bp,,
FT09130,540,333.167260189299,524.771412,512045.533326199,bp,,
FT09133,541,333.170728746066,629.509155273438,417894.627032465,bp,,
FT09156,542,333.564370384854,46.0735893249512,7041187.13792879,bp,,
FT09964,542,347.567001953362,46.0817088,890082.050285349,,,
FT09159,543,333.633268572368,260.963256835938,981886.928590483,bp,,
FT09174,544,334.065813345708,46.0587348937988,1083828.6099933,bp,,
FT09182,545,334.124377287077,370.254791259766,326080.281673728,bp,,
FT09209,546,334.639156970573,313.830200195312,1057763.03140387,bp,,
FT09261,547,335.633852904396,359.750289916992,4721653.50451709,bp,,
FT09263,548,335.639933985309,314.271224975586,310745.496122782,bp,,
FT09324,549,336.636991098811,359.749481201172,308504.91378202,bp,,
FT09325,550,336.658951985441,344.457733154297,920066.984267572,bp,,
FT09352,551,337.12744914288,289.971008300781,837632.585344104,bp,,
FT09380,552,337.357697765109,611.681701660156,393658.796182579,bp,,
FT09419,553,338.168658325325,79.9211807250977,2466879.55857615,bp,,
FT09428,554,338.197110914555,353.605102539062,120564706.066598,bp,,
FT09458,555,338.6984728109,353.298797607422,24856789.169664,bp,,
FT09472,556,339.085624368544,48.7902717590332,1236376.1030504,bp,,
FT09474,557,339.111447895308,497.259704589844,277747.174457556,bp,,
FT09490,558,339.199659756756,353.300952,3966327.52939293,bp,,
FT09495,559,339.236034797655,580.305358886719,590120.025973418,bp,,
FT09502,560,339.660223948551,367.150726318359,1137134.25338615,bp,,
FT09534,561,340.201600666797,299.524139404297,469713.93481056,bp,,
FT09539,562,340.357446446548,724.937866210938,920200.450253896,bp,,
FT09582,563,341.193492121285,516.958208283203,1559290.27670874,bp,,
FT09587,564,341.229856909846,602.630737304688,5413187.61408377,bp,,
FT09590,565,341.266306165818,636.440185546875,2257349.55119919,bp,,
FT09600,566,341.666216294911,361.596343994141,1203378.8759555,bp,,
FT09638,567,342.233223514272,602.655822753906,929361.072873228,bp,,
FT09661,568,343.025322071894,37.3136863708496,2386438.98599077,bp,,
FT09669,569,343.106340097316,530.718994140625,165716.376273534,bp,,
FT09679,570,343.153896850399,448.931854248047,271312.202919854,bp,,
FT09709,571,343.640935511266,298.287994384766,828749.602967551,bp,,
FT09754,572,344.196260621579,669.803100585938,378059.419215105,bp,,
FT09765,573,344.315922424017,606.901977539062,193482.050508755,bp,,
FT09798,574,345.042717035758,241.932098388672,971442.550216093,bp,,
FT09805,575,345.075684699177,262.410278320312,1039402.58121195,bp,,
FT09880,576,346.152697323383,355.11279296875,3692650.26326106,bp,,
FT09881,577,346.157898388167,245.955932617188,2076159.06273916,bp,,
FT09911,578,346.659444939693,246.252014160156,679870.617761702,bp,,
FT09912,579,346.663079601161,387.886657714844,629492.477496049,bp,,
FT09931,580,347.091142541959,342.218872070312,355284.072336362,bp,,
FT09939,581,347.169264835562,379.103454589844,1252542.12979063,bp,,
FT10007,582,348.310794962939,657.179138183594,587254.159738236,bp,,
FT10023,583,348.990103627358,517.897521972656,2315647.45787042,bp,,
FT10064,584,349.65769195948,302.570526123047,1993795.96089041,bp,,
FT10094,585,350.159267061227,302.570526123047,807349.322422722,bp,,
FT10115,586,350.302968813838,630.574340820312,448042.157157569,bp,,
FT10141,587,350.987109230003,517.896240234375,2232855.16148847,bp,,
FT10156,588,351.171995414222,320.256332397461,1001412.95039615,bp,,
FT10180,589,351.562970484215,235.707244873047,2822717.89398394,bp,,
FT10238,590,352.321060630972,636.110534667969,878558.816516069,bp,,
FT10260,591,352.897393428215,38.5090560913086,6081580.535238,bp,,
FT10261,592,352.984094135061,517.897521972656,661014.735378101,bp,,
FT10267,593,353.138230315757,514.122924804688,201593.903139008,bp,,
FT10287,594,353.229857062823,647.84375,541432.736675377,bp,,
FT10289,595,353.247786218911,665.465026855469,1695272.32790759,bp,,
FT10290,596,353.266263377525,656.585815429688,5997574.88108709,bp,,
FT10297,597,353.641436407769,407.620452880859,2209642.08621479,bp,,
FT10300,598,353.65757055068,387.881774902344,7332350.69827063,bp,,
FT10349,599,354.2509719752,666.104919433594,410463.487360835,bp,,
FT10350,600,354.269658869999,657.178344726562,1150142.9225918,bp,,
FT10368,601,354.693485612885,379.257568359375,3552499.00265171,bp,,
FT10376,602,354.894287859122,38.5120315551758,1906923.6776753,bp,,
FT10397,603,355.195336686093,379.257995605469,1264211.81149817,bp,,
FT10410,604,355.368403830414,616.652404785156,2228497.46246796,bp,,
FT10464,605,356.285354808817,643.166015625,1838579.21441327,bp,,
FT10465,606,356.315977154033,648.734191894531,904344.721259476,bp,,
FT10467,607,356.371848736006,616.7578125,475564.123857477,bp,,
FT10476,608,356.651332607889,302.570526123047,26585239.8914642,bp,,
FT20937,608,696.333207047173,302.874084472656,12893631.8800827,potential bp,0,1
FT20953,608,697.336565752802,302.874603271484,4782807.24843863,potential bp|isotope,0,1
FT10485,609,356.712886812321,411.604217529297,11122917.126665,bp,,
FT10542,610,357.647512723923,333.344390869141,543527.58413125,bp,,
FT10562,611,358.07088444343,263.965423583984,386854.35744883,bp,,
FT10593,612,358.368080993576,617.155334472656,1557341.81165084,bp,,
FT10618,613,359.112305686842,324.096115112305,612807.90867905,bp,,
FT10653,614,359.315666593233,677.421691894531,951928.929028098,bp,,
FT10678,615,360.086440946027,263.475830078125,480625.231232909,bp,,
FT10726,616,361.015101516251,241.934875488281,746735.275680781,bp,,
FT10728,617,361.070510737988,342.221328735352,601415.627871269,bp,,
FT10738,618,361.177584237736,595.842010498047,382927.284658976,bp,,
FT10833,619,363.17775599473,379.257247924805,425915.800518634,bp,,
FT10839,620,363.196705272102,198.51594543457,628069.841053301,bp,,
FT10889,621,364.193430874948,411.603546142578,4990202.05627811,bp,,
FT10945,622,365.179535954525,118.410079956055,522098.1397341,bp,,
FT10962,623,365.389172617884,628.587829589844,694387.42732208,bp,,
FT10990,624,366.101621972078,295.154266357422,373662.834072556,bp,,
FT11101,625,368.036650056752,63.4841461181641,1067528.96944458,bp,,
FT11144,626,369.182322373274,323.204635620117,4577342.70538347,bp,,
FT11154,627,369.231312426745,693.0634765625,1647330.46353158,bp,,
FT11183,628,370.165350701455,266.143035888672,566572.313448675,bp,,
FT11201,629,370.300888293071,655.345458984375,743769.71080201,bp,,
FT11243,630,371.224523216854,693.0634765625,2120238.79751434,bp,,
FT11251,631,371.315715435122,676.810424804688,952165.115477479,bp,,
FT11279,632,372.131612916494,343.142639160156,349235.295459808,bp,,
FT11299,633,372.243995006942,108.327178955078,2708673.17218559,bp,,
FT11308,634,372.545284133851,43.0446042,19241864.0535572,bp,,
FT11311,635,372.64893120352,265.841644287109,686953.254336165,bp,,
FT11513,636,376.342263116042,677.138610839844,361938.393742129,bp,,
FT11531,637,377.065581145712,247.803359985352,540734.438921056,bp,,
FT11536,638,377.130378685409,42.5928955078125,3282392.61649495,bp,,
FT11548,639,377.195661270398,473.818908691406,567493.494645515,bp,,
FT11566,640,377.326311081134,643.357421875,2292389.37321559,bp,,
FT11621,641,378.297989766836,649.081787109375,937948.453858142,bp,,
FT11656,642,379.083944723517,580.302551269531,346590.441644813,bp,,
FT11728,643,380.179447762251,424.796783447266,9239468.21788741,bp,0,3
FT11746,643,380.513810676529,424.795501708984,5747660.34984019,bp|isotope,0,3
FT11777,644,381.138091646861,63.5227355957031,810167.48974059,bp,,
FT11810,645,381.634223303997,314.591613769531,1099834.8722618,bp,,
FT11897,646,383.399779417763,632.975341796875,3024792.43522354,bp,,
FT11902,647,383.590725491129,259.415618896484,460501.299466388,bp,,
FT11920,648,384.156440878229,146.699211120605,956162.743578027,bp,,
FT11929,649,384.193502913235,626.794372558594,832631.715909589,bp,,
FT11941,650,384.347419696698,665.81201171875,9468310.24207155,bp,,
FT11942,651,384.4031592194,633.4794921875,742183.807637585,bp,,
FT11946,652,384.656462003334,379.983947753906,7156263.68512569,bp,,
FT11953,653,384.691087639038,383.262313842773,157207.494468852,bp,,
FT11984,654,385.196810698787,626.721008300781,198117.150776015,bp,,
FT12000,655,385.350823627093,665.804626464844,2362471.25977856,bp,,
FT12005,656,385.659040212689,379.880676269531,661291.495823961,bp,,
FT12102,657,387.271349272867,238.518920898438,1075596.29826122,bp,,
FT12123,658,388.078568260722,517.888671875,273588.776196795,bp,,
FT12289,659,391.284305794612,675.010070800781,55301020.6741978,bp,0,1
FT12341,659,392.287728020641,675.010070800781,14159158.1309418,bp|isotope,0,1
FT12291,660,391.341804271184,655.340057373047,851726.640722814,bp,,
FT12301,661,391.68647864431,416.792999267578,3115755.65579504,bp,,
FT12398,662,393.290333973236,674.982299804688,1446707.91245524,bp,,
FT12407,663,393.661475977884,337.514678955078,3423642.37496785,bp,,
FT12429,664,394.16393109877,336.990798950195,1426585.64516431,bp,,
FT12448,665,394.256545740825,595.912231445312,1009600.9894036,bp,,
FT12452,666,394.329333233439,617.598083496094,942752.07054694,bp,,
FT12474,667,395.038877197837,37.2755813598633,7716017.83393143,bp,,
FT12480,668,395.159986839183,385.414367675781,11640062.8417574,bp,,
FT12514,669,395.66162317539,385.412475585938,4926821.28720553,bp,,
FT12590,670,397.173554650332,382.951522827148,8011016.89759695,bp,,
FT12592,671,397.185191452621,272.951477050781,604064.322659389,bp,,
FT12609,672,397.520023746869,272.724700927734,428698.786618796,bp,,
FT12656,673,398.680645432332,416.786163330078,34000454.875664,bp,0,2
FT12685,673,399.182514168233,417.098022460938,14201080.9722004,bp|isotope,0,2
FT12673,674,399.127335508067,315.108947753906,1424016.39464357,bp,,
FT12674,675,399.144333815864,39.8285522460938,2299015.6078107,bp,,
FT12698,676,399.308274739213,643.280822753906,9948555.34375927,bp,,
FT12705,677,399.683726675541,416.791938,3477236.708951,bp,,
FT12750,678,400.311703969081,643.311157226562,2179360.01130098,bp,,
FT12756,679,400.676950425739,416.819885253906,704500.265759764,bp,,
FT12827,680,401.743149498319,329.323394775391,2283467.36818069,bp,,
FT12857,681,402.271154274413,128.724319458008,335785.201202124,bp,,
FT12992,682,405.701363916074,329.0078125,15928141.3846981,bp,,
FT13045,683,406.704028241993,329.023315429688,1527932.73555134,bp,,
FT13080,684,407.22622454661,320.727325439453,19866263.1493616,bp,,
FT13117,685,408.2089764947,42.7558364868164,3755821.76818144,bp,,
FT13133,686,408.368481438202,655.174224853516,695626.605656029,bp,,
FT13208,687,410.122442173108,331.432220458984,605221.596184846,bp,,
FT13241,688,411.012718321983,37.2937927246094,625135.398887419,bp,,
FT13302,689,412.671805468238,334.03955078125,612307.335844875,bp,,
FT13306,690,412.717445255859,277.538330078125,1157880.45641277,bp,,
FT13332,691,413.266330534287,675.584045410156,60782733.0919781,bp,0,1
FT13377,691,414.269680856748,675.278076171875,15593088.0511295,bp|isotope,0,1
FT13429,691,415.272720498185,675.278442382812,2156608.14277645,bp|isotope,0,1
FT14303,691,436.342420940707,675.286071777344,3250435.6380646,,,
FT14893,691,450.358070841199,675.286071777344,12239883.9849754,potential bp,1,1
FT14925,691,451.361632508564,675.010070800781,3556413.77405052,potential bp|isotope,1,1
FT13336,692,413.32392646907,655.037109375,4015537.95696288,bp,,
FT13436,693,415.667746964482,291.449859619141,207902.207850274,bp,,
FT13604,694,419.315850898087,694.897521972656,4961067.92897909,bp,,
FT13720,695,422.211828595761,422.319763183594,9745596.41201435,,,
FT14052,695,430.197228998646,422.430694580078,19274070.1504403,bp,,
FT13771,696,423.203099702713,422.628784179688,1174575.30945157,bp,,
FT13789,697,423.704382205068,422.634979248047,572176.427359264,bp,,
FT13839,698,425.13620435784,509.442169189453,912650.304332164,bp,,
FT13847,699,425.214731742678,604.1611328125,287415.769613266,bp,,
FT13851,700,425.230074064843,568.171447753906,296518.988404624,bp,,
FT13896,701,426.217187977418,421.721145629883,2722705.93330954,bp,,
FT13961,702,428.036923437042,43.198429107666,6727262.16744278,bp,,
FT13984,703,428.337261451609,635.05126953125,271450.847600041,bp,,
FT14070,704,430.389506000575,623.485961914062,1123907.88072472,bp,,
FT14078,705,430.698775876865,422.368621826172,8178039.3436195,bp,,
FT14100,706,431.200115681584,422.419509887695,2118241.7381665,bp,,
FT14104,707,431.218643149074,386.665740966797,4962843.52687085,bp,,
FT14207,708,433.33127457913,703.170837402344,1076068.54783682,bp,,
FT14253,709,434.689696641784,369.309967041016,216650.549666051,bp,,
FT14280,710,435.368001913944,655.03466796875,567866.039191203,bp,,
FT14291,711,436.138944077502,229.097640991211,351523.201271342,bp,,
FT14340,712,437.250856220832,151.108581542969,404685.84696622,bp,,
FT14345,713,437.345770677766,675.289978027344,873834.750086989,bp,,
FT14349,714,437.701486657574,377.340362548828,549676.35630357,bp,,
FT14385,715,438.379297264951,643.359252929688,1241578.45117814,bp,,
FT14496,716,441.111687645126,227.378860473633,954252.517784527,bp,,
FT14551,717,442.197354533337,420.790130615234,688527.440924107,bp,,
FT14658,718,445.131839097124,226.061859130859,1746044.04115659,bp,,
FT14692,719,445.683992587585,377.405120849609,251065.085749035,bp,,
FT14966,720,452.364450708266,675.276000976562,497438.330131938,bp,,
FT15004,721,453.343279179417,355.124389648438,1120382.47731112,bp,,
FT15058,722,455.183237848875,330.595153808594,596949.261888323,bp,,
FT15126,723,456.637261994369,308.416595458984,402519.616633473,bp,,
FT15159,724,457.277620166087,561.020690917969,1038833.53171416,bp,,
FT15163,725,457.350372988316,655.016662597656,3687568.27712506,bp,,
FT15191,726,458.257750262558,405.445419311523,972660.386676639,bp,,
FT15203,727,458.353618455321,655.025177001953,889254.764861202,bp,,
FT15257,728,459.690975194501,420.784545898438,985024.898208677,bp,,
FT15339,729,461.704232052548,385.729995727539,3773182.72106375,bp,,
FT15340,730,461.719571102444,363.485717773438,1726631.1411462,bp,,
FT15378,731,462.72538889213,415.256072998047,3461351.71697237,bp,,
FT15387,732,463.026464620546,37.2746772766113,6609317.66228302,bp,,
FT15406,733,463.303248291037,626.219482421875,363676.891289829,bp,,
FT15422,734,464.02994404202,37.2746772766113,736232.091748565,bp,,
FT15446,735,464.37369768572,675.287567138672,523174.19373644,bp,,
FT15465,736,465.165223473058,569.570251464844,154016.625102396,bp,,
FT15467,737,465.1883304865,452.981964111328,108001.657537597,bp,,
FT15501,738,465.880827688007,439.088714599609,648395.854576649,bp,,
FT15564,739,467.226563650631,444.319702148438,1586622.80843764,bp,,
FT15688,740,470.326796823868,675.276000976562,698994.727222649,bp,,
FT15691,741,470.707805170696,415.259918212891,774083.619162614,bp,,
FT15745,742,471.990376593513,37.2880210876465,523167.245732862,bp,,
FT15863,743,475.237121884556,675.277404785156,395852.572041432,bp,,
FT15950,744,477.293405631567,698.274536132812,1111301.60837775,bp,,
FT15987,745,478.389521507892,695.205993652344,2007347.74154978,bp,,
FT16046,746,480.714666597102,428.50634765625,129872.332446894,bp,,
FT16105,747,482.405617182924,643.291198730469,1686719.87036132,bp,,
FT16146,748,484.228152839565,351.785552978516,638370.209308901,bp,,
FT16211,749,485.855162877725,699.187194824219,658130.947444644,bp,,
FT16308,750,488.332930885087,699.187683105469,1092880.2038828,bp,,
FT16451,751,493.160294322968,290.182922363281,235234.980323433,bp,,
FT16508,752,494.319968794272,698.337585449219,475584.786219872,bp,,
FT16656,753,499.275437449569,698.275817871094,2006291.16047498,bp,,
FT16675,754,500.215992828488,241.303840637207,218310.522098385,bp,,
FT16726,755,501.376683299725,654.726135253906,2523583.07468849,bp,,
FT16750,756,502.379736237714,654.725891113281,587883.720054901,bp,,
FT16869,757,506.241711386351,423.266815185547,6149408.86526345,bp,0,2
FT16883,757,506.743140728983,423.266815185547,3185054.00688563,bp|isotope,0,2
FT16900,758,507.254271096911,309.041717529297,468781.950649193,bp,,
FT16929,759,507.831900112165,585.890747070312,500624.153409499,bp,,
FT16934,760,508.120595006381,60.9739418029785,3667901.49950502,bp,0,2
FT16953,760,508.621932866035,60.923118,1631115.46901855,bp|isotope,0,2
FT16951,761,508.369789680589,698.275817871094,443037.41509401,bp,,
FT17006,762,510.283516465256,401.753387451172,844628.695656529,bp,,
FT17036,763,511.231884706263,365.598571777344,3270867.351565,bp,,
FT17037,764,511.237033845332,438.156890869141,435624.157811908,bp,,
FT17084,765,512.761098525254,402.058465098633,23504953.5869117,bp,0,2
FT17097,765,513.262679943621,402.06298828125,7119767.68670859,bp|isotope,0,2
FT17303,765,520.242018436709,402.057678222656,7859271.05498394,potential bp,1,2
FT17318,765,520.743715301478,401.753265380859,4166336.49862274,potential bp|isotope,1,2
FT17113,766,513.764467429969,401.762054443359,1561312.25097245,bp,,
FT17123,767,514.224310813937,423.555908203125,1038689.32811897,bp,,
FT17129,768,514.271821550533,363.770568847656,2451460.593169,bp,,
FT17276,769,519.227489468521,355.117370605469,2086667.88190454,bp,,
FT17291,770,519.728037319626,355.122863769531,831394.279399057,bp,,
FT17332,771,521.244949941293,401.754699707031,1336570.80023837,bp,,
FT17378,772,522.750774745226,431.309539794922,784661.999937343,bp,,
FT17438,773,524.325291246617,633.500183105469,412181.152874035,bp,,
FT17453,774,524.826626947122,633.434875488281,201685.493118034,bp,,
FT17639,775,531.014229412454,37.2749862670898,5760895.84407458,bp,,
FT17670,776,532.017427812945,37.2729530334473,662097.965093386,bp,,
FT17686,777,532.359328314122,697.661437988281,1307442.70861792,,,
FT18274,777,554.372418033571,697.044555664062,1355573.9750576,bp,,
FT17782,778,536.367105695996,698.274536132812,1418768.53594254,bp,,
FT17811,779,537.536167175284,709.918151855469,5488451.63520008,bp,,
FT17835,780,538.539632815212,709.918151855469,2018026.78434477,bp,,
FT17956,781,543.221827815216,262.405029296875,1345133.32424814,bp,,
FT18050,782,546.488468045458,671.31005859375,463727.428278527,bp,,
FT18164,783,551.222743860333,361.679962158203,491393.607901744,bp,,
FT18211,784,552.278949195196,413.119140625,18416072.3370179,bp,,
FT18235,785,553.282689695724,413.420715332031,5805017.77661955,bp,,
FT18376,786,558.232485921862,263.052215576172,304071.750482939,bp,,
FT18419,787,559.740226853495,311.819580078125,7484593.74423749,bp,0,2
FT18431,787,560.242959475735,311.820465087891,3834581.7124183,bp|isotope,0,2
FT18635,787,567.722860691109,311.822814941406,2343671.4451918,,,
FT18524,788,563.624068704986,475.700592041016,10328222.3053266,bp,,
FT18586,788,565.629747207306,475.701843261719,5890302.35321124,potential bp,0,3
FT18597,788,565.964055584109,475.708892822266,5530613.84866733,potential bp|isotope,0,3
FT18561,789,564.788285268983,447.390533447266,1115075.79790808,bp,,
FT18567,790,565.00837147506,37.2706146240234,756882.622578349,bp,,
FT18570,791,565.194949811895,289.871917724609,232254.002450641,bp,,
FT18585,792,565.56747434641,647.874267578125,3840140.29245369,bp,,
FT18606,793,566.298529355831,475.732452392578,2833510.84143065,bp,,
FT18614,794,566.632753001543,475.989105224609,1054842.54464361,bp,,
FT18723,795,570.458236286355,642.965667724609,918729.041349818,bp,,
FT18728,796,570.731268051632,311.829467773438,1615830.6904152,bp,,
FT18742,797,571.233258891994,311.822814941406,818871.021491157,bp,,
FT18797,798,573.243738339244,263.557037353516,504015.146308641,bp,,
FT18822,799,574.212584796781,242.548706054688,2787625.28617534,bp,,
FT18847,800,575.215883484592,242.250305175781,673370.541579701,bp,,
FT18885,801,576.385387527837,696.4326171875,1226872.6942278,bp,,
FT18900,802,577.227194242369,312.140533447266,3241446.97797852,bp,,
FT18931,803,578.23001654031,311.997375488281,976833.723940785,bp,,
FT19036,804,582.759081108765,364.383911132812,620226.91210509,bp,,
FT19072,805,584.272240526601,364.086318969727,13600213.5216468,bp,0,1
FT19093,805,585.275086886725,364.07763671875,3689192.46827099,bp|isotope,0,1
FT19085,806,584.802827535319,444.624328613281,4580529.5680135,bp,,
FT19095,807,585.304181043744,444.624542236328,2863851.01597752,bp,,
FT19103,808,585.806365641484,444.624145507812,1009680.42992429,bp,,
FT19109,809,586.271614322188,364.085357666016,711652.498335053,bp,,
FT19122,810,587.246674438261,402.345275878906,561206.273900583,bp,,
FT19179,811,589.367385561923,151.564865112305,205636.457793703,bp,,
FT19364,812,598.332294149836,365.918212890625,2436316.18806997,bp,,
FT19379,813,599.001791551328,37.2749862670898,2766361.16313591,bp,,
FT19412,814,601.277805960728,433.403656005859,900367.572017339,bp,,
FT19419,815,601.779236621414,433.403656005859,556649.787669576,bp,,
FT19473,816,604.307486890703,237.882415771484,578742.394341243,bp,,
FT19633,817,611.889520444913,649.426818847656,300851.394959015,bp,,
FT19697,818,614.484155115067,642.82080078125,525020.82255364,bp,,
FT19720,819,615.465804893371,757.270263671875,313877.528325328,bp,,
FT19872,820,623.316729431758,393.128143310547,8727198.2501499,bp,,
FT19910,821,625.295960477934,285.255889892578,730247.655397345,bp,,
FT19922,822,625.83070747323,393.072845458984,431855.62910846,bp,,
FT19932,823,626.280957367664,311.218098,579999.082992185,bp,,
FT19973,824,628.291438528622,452.664123535156,574071.86913313,bp,,
FT20087,825,634.839235388679,466.360472698242,1421263.59476708,bp,,
FT20112,826,636.284689214687,411.906066894531,2400418.53806085,bp,,
FT20132,827,637.287855931657,411.604187011719,670133.991432069,bp,,
FT20141,828,637.495073246337,626.4794921875,2981488.6712165,bp,,
FT20157,829,638.498385512144,626.422058105469,1259888.03270847,bp,,
FT20165,830,639.311427253875,384.811706542969,822502.226480154,bp,,
FT20264,831,645.328705998698,466.353698730469,435152.358833269,bp,,
FT20307,832,648.320635048155,251.877151489258,177607.396817962,bp,,
FT20480,833,659.477056439476,626.4794921875,2910977.020453,bp,,
FT20488,834,660.480407390146,626.4794921875,1303331.20952234,bp,,
FT20501,835,661.450649971514,600.854248046875,477280.782022712,bp,,
FT20541,836,663.466224758438,642.476745605469,791610.16751159,bp,,
FT20591,837,666.98961976484,37.2761764526367,1633518.81090466,bp,,
FT20608,838,668.955529104038,306.836883544922,769350.47611457,bp,,
FT20697,839,675.471608744698,619.268432617188,353888.870908058,bp,,
FT20700,840,676.311550028049,437.531311035156,283560.578214468,bp,,
FT20710,841,676.390836872528,353.220275878906,1619101.29184625,bp,,
FT20861,842,689.822768247278,457.946044921875,1157227.90397713,bp,,
FT20962,843,698.338929031809,302.874114990234,1047426.31479698,bp,,
FT20964,844,698.348807540455,356.014801025391,974732.409025141,bp,,
FT21043,845,706.3068925617,439.357574462891,2283448.70973326,bp,,
FT21076,846,710.318299854882,439.0859375,605057.118114941,bp,,
FT21088,847,711.41646384081,411.604339599609,5345378.34942848,bp,,
FT21096,848,712.419101801236,411.604125976562,2010071.46803585,bp,,
FT21256,849,730.881497612459,475.390655517578,735636.422360011,bp,,
FT21280,850,733.388055536535,475.388000488281,1966951.41831733,bp,,
FT21285,851,733.889637953999,475.388641357422,1643871.09573204,bp,,
FT21288,852,734.391083507334,475.389465332031,747405.008577156,bp,,
