feature_id,ipapy2_id,name_ipapy2,formula,adduct,mz,charge,ppm,prior,post,name_normalised,met_id,name_ecmdb,kegg_id,hmdb_id,chebi_id,pubchem_id,moldb_inchikey,moldb_formula,moldb_mono_mass,ecmdb_match,context,mapping_method,biochemical_context
FT00977,C00178,Thymine,C5H6N2NaO2,M+Na,149.03214544138,1.0,5.631962758857744,0.1654391608110644,0.1654391608110644,thymine,ECMDB00262,Thymine,C00178,HMDB00262,17821.0,1135.0,RWQNBRDOKXIBIV-UHFFFAOYSA-N,C5H6N2O2,126.042927446,True,ECMDB-supported,exact normalised name,True
FT01142,C00497,(R)-Malate,C4H6NaO5,M+Na,157.01074129122998,1.0,14.812232754902649,0.0655701873079296,0.0318354869832969,(r)-malate,ECMDB20015,(R)-Malate,C00497,,30796.0,92824.0,BJEPYKJPYRNKOW-UWTATZPHSA-N,C4H6O5,134.021523302,True,ECMDB-supported,exact normalised name,True
FT01590,C00385,Xanthine,C5H4N4NaO2,M+Na,175.02264338578,1.0,5.039883199997378,0.124768785088541,0.0406844341811412,xanthine,ECMDB00292,Xanthine,C00385,HMDB00292,17712.0,1188.0,LRFVTYWOQMYALW-UHFFFAOYSA-N,C5H4N4O2,152.033425392,True,ECMDB-supported,exact normalised name,True
FT02116,VF-NPL-QEHF0004xx_6,Citric acid,C6H9O7,M+H,193.03427859483,1.0,-0.4319299121605075,0.0546172944949734,0.0512346243835314,citric acid,ECMDB00094,Citric acid,C00158,HMDB00094,16947.0,,KRKNYBCHXYNGOX-UHFFFAOYSA-N,C6H8O7,192.02700261,True,ECMDB-supported,exact normalised name,True
FT02116,C03921,2-Dehydro-3-deoxy-D-glucarate,C6H9O7,M+H,193.03427859483,1.0,-0.4319299121605075,0.0546172944949734,0.0512346243835314,2-dehydro-3-deoxy-d-glucarate,ECMDB20040,2-Dehydro-3-deoxy-D-glucarate,C03921,,17305.0,440165.0,QUURPCHWPQNNGL-OKKQSCSOSA-N,C6H8O7,192.02700261,True,ECMDB-supported,exact normalised name,False
FT02116,C00679,5-Dehydro-4-deoxy-D-glucarate,C6H9O7,M+H,193.03427859483,1.0,-0.4319299121605075,0.0546172944949734,0.0512346243835314,5-dehydro-4-deoxy-d-glucarate,ECMDB20102,5-Dehydro-4-deoxy-D-glucarate,C00679,,42819.0,439290.0,QUURPCHWPQNNGL-ZAFYKAAXSA-N,C6H8O7,192.02700261,True,ECMDB-supported,exact normalised name,False
FT02615,C00725,Lipoate,C8H15O2S2,M+H,207.05079803916,1.0,-4.000372724196847,0.1190308574334958,0.1190308574334958,lipoate,ECMDB23028,lipoate,C00725,HMDB14312,16494.0,864.0,AGBQKNBQESQNJD-UHFFFAOYSA-N,C8H14O2S2,206.043521072,True,ECMDB-supported,exact normalised name,False
FT00106,C00086,Urea,CH4N2NaO,M+Na,83.02158075735,1.0,-0.1266661510742597,0.3131103645290563,0.3131103645290563,urea,ECMDB04172,Urea,C00086,HMDB00294,16199.0,1176.0,XSQUKJJJFZCRTK-UHFFFAOYSA-N,CH4N2O,60.03236276,True,ECMDB-supported,exact normalised name,True
FT00501,C00491,L-Cystine,C6H14N2O4S2,M+2H,121.01920061135,2.0,-23.474339283737702,0.0176015426513084,5.5123696781838516e-08,l-cystine,ECMDB00192,L-Cystine,C00491,HMDB00192,16283.0,67678.0,LEVWYRKDKASIDU-IMJSIDKUSA-N,C6H12N2O4S2,240.023848262,True,ECMDB-supported,exact normalised name,True
FT00209,C11514,(E)-3-(Methoxycarbonyl)pent-2-enedioate,C7H10O6,M+2H,95.02331998763002,2.0,6.525502976141692,0.1613526847935484,0.1613526847935484,(e)-3-(methoxycarbonyl)pent-2-enedioate,ECMDB23032,(E)-3-(Methoxycarbonyl)pent-2-enedioate,C11514,,15663.0,,BRYKYSQCLNCYQW-DUXPYHPUSA-N,C7H8O6,188.032087988,True,ECMDB-supported,exact normalised name,False
FT00210,C01412,Butanal,C4H8NaO,M+Na,95.04673287741,1.0,12.068988987636567,0.0767154737877723,0.0767154737877723,butanal,ECMDB03543,Butanal,C01412,HMDB03543,15743.0,261.0,ZTQSAGDEMFDKMZ-UHFFFAOYSA-N,C4H8O,72.057514878,True,ECMDB-supported,exact normalised name,True
FT00210,C00146,Phenol,C6H7O,M+H,95.04914081295,1.0,-13.264902310680354,0.0586035654068369,0.0586035654068369,phenol,ECMDB23832,Phenol,C15584,,,,ISWSIDIOOBJBQZ-UHFFFAOYSA-N,C6H6O,94.041864814,True,ECMDB-supported,exact normalised name,False
FT00212,C00146,Phenol,C6H7O,M+H,95.04914081295,1.0,-0.7441205654153564,0.1389008910101116,0.1389008910101116,phenol,ECMDB23832,Phenol,C15584,,,,ISWSIDIOOBJBQZ-UHFFFAOYSA-N,C6H6O,94.041864814,True,ECMDB-supported,exact normalised name,False
FT00212,C01412,Butanal,C4H8NaO,M+Na,95.04673287741,1.0,24.590087937232955,0.0006464991351148,0.0006464991351148,butanal,ECMDB03543,Butanal,C01412,HMDB03543,15743.0,261.0,ZTQSAGDEMFDKMZ-UHFFFAOYSA-N,C4H8O,72.057514878,True,ECMDB-supported,exact normalised name,True
FT00397,C00251,Chorismate,C10H12O6,M+2H,114.03114501986,2.0,3.301597058685695,0.0971326821133955,0.0971326821133955,chorismate,ECMDB12199,Chorismate,C00251,HMDB12199,17333.0,12039.0,WTFXTQVDAKGDEY-HTQZYQBOSA-N,C10H10O6,226.047738052,True,ECMDB-supported,exact normalised name,True
FT00397,C00254,Prephenate,C10H12O6,M+2H,114.03114501986,2.0,3.301597058685695,0.0971326821133955,0.0971326821133955,prephenate,ECMDB12283,Prephenate,C00254,HMDB12283,29934.0,1028.0,FPWMCUPFBRFMLH-UHFFFAOYSA-N,C10H10O6,226.047738052,True,ECMDB-supported,exact normalised name,True
FT00397,C00885,Isochorismate,C10H12O6,M+2H,114.03114501986,2.0,3.301597058685695,0.0971326821133955,0.0971326821133955,isochorismate,ECMDB20162,Isochorismate,C00885,,29780.0,189062.0,NTGWPRCCOQCMGE-YUMQZZPRSA-L,C10H8O6,224.033185137,True,ECMDB-supported,exact normalised name,True
FT00693,C03589,4-Hydroxy-2-oxopentanoate,C5H9O4,M+H,133.04953473612,1.0,-0.977343545508231,0.1042332260412781,0.1042332260412782,4-hydroxy-2-oxopentanoate,ECMDB20090,4-Hydroxy-2-oxopentanoate,C03589,HMDB12639,17655.0,124.0,HFKQINMYQUXOCH-UHFFFAOYSA-M,C5H7O4,131.034982285,True,ECMDB-supported,exact normalised name,False
FT00693,C04181,3-Hydroxy-3-methyl-2-oxobutanoic acid,C5H9O4,M+H,133.04953473612,1.0,-0.977343545508231,0.1042332260412781,0.1042332260412782,3-hydroxy-3-methyl-2-oxobutanoic acid,ECMDB20070,3-Hydroxy-3-methyl-2-oxobutanoic acid,C04181,,17667.0,440248.0,DNOPJXBPONYBLB-UHFFFAOYSA-N,C5H8O4,132.042258744,True,ECMDB-supported,exact normalised name,True
FT00693,C06010,(S)-2-Acetolactate,C5H9O4,M+H,133.04953473612,1.0,-0.977343545508231,0.1042332260412781,0.1042332260412782,(s)-2-acetolactate,ECMDB06855,(S)-2-Acetolactate,C06010,HMDB06855,,,NMDWGEGFJUBKLB-YFKPBYRVSA-N,C5H8O4,132.042258744,True,ECMDB-supported,exact normalised name,True
FT00693,C00900,2-Acetolactate,C5H9O4,M+H,133.04953473612,1.0,-0.977343545508231,0.1042332260412781,0.1042332260412782,2-acetolactate,ECMDB04002,2-Acetolactate,C00900,HMDB06833,,22.0,NMDWGEGFJUBKLB-UHFFFAOYSA-N,C5H8O4,132.042258744,True,ECMDB-supported,exact normalised name,True
FT04317,C02067,Pseudouridine,C9H13N2O6,M+H,245.07681211304,1.0,-0.6971512911901969,0.0227962040647842,0.0299521270491931,pseudouridine,ECMDB21388,Pseudouridine,C02067,HMDB00767,17802.0,15047.0,PTJWIQPHWPFNBW-GBNDHIKLSA-N,C9H12N2O6,244.069536126,True,ECMDB-supported,exact normalised name,True
FT04317,C00299,Uridine,C9H13N2O6,M+H,245.07681211304,1.0,-0.6971512911901969,0.0227962040647842,0.0299521270491931,uridine,ECMDB00296,Uridine,C00299,HMDB00296,16704.0,6029.0,DRTQHJPVMGBUCF-XVFCMESISA-N,C9H12N2O6,244.069536126,True,ECMDB-supported,exact normalised name,True
FT05551,C00299,Uridine,C9H12N2NaO6,M+Na,267.05875411304004,1.0,-0.3628281737066002,0.083752693904427,0.083752693904427,uridine,ECMDB00296,Uridine,C00299,HMDB00296,16704.0,6029.0,DRTQHJPVMGBUCF-XVFCMESISA-N,C9H12N2O6,244.069536126,True,ECMDB-supported,exact normalised name,True
FT05551,C02067,Pseudouridine,C9H12N2NaO6,M+Na,267.05875411304004,1.0,-0.3628281737066002,0.083752693904427,0.083752693904427,pseudouridine,ECMDB21388,Pseudouridine,C02067,HMDB00767,17802.0,15047.0,PTJWIQPHWPFNBW-GBNDHIKLSA-N,C9H12N2O6,244.069536126,True,ECMDB-supported,exact normalised name,True
FT00221,C00424,(S)-Lactaldehyde,C3H6NaO2,M+Na,97.02599743252,1.0,24.805510827942584,0.00021868417427,0.00021868417427,(s)-lactaldehyde,ECMDB23841,(S)-Lactaldehyde,C00424,,,,BSABBBMNWQWLLU-UHFFFAOYSA-N,C3H6O2,74.036779433,True,ECMDB-supported,exact normalised name,True
FT00221,C05999,Lactaldehyde,C3H6NaO2,M+Na,97.02599743252,1.0,24.805510827942584,0.00021868417427,0.00021868417427,lactaldehyde,ECMDB03052,Lactaldehyde,C05999,HMDB03052,18041.0,439231.0,BSABBBMNWQWLLU-UHFFFAOYSA-N,C3H6O2,74.036779433,True,ECMDB-supported,exact normalised name,True
FT01101,C02876,Propanoyl phosphate,C3H8O5P,M+H,155.01038632188,1.0,-1.0850554790658349,0.1509783584467525,0.1509783584467525,propanoyl phosphate,ECMDB20184,Propanoyl phosphate,C02876,,16269.0,1034.0,FMNMEQSRDWIBFO-UHFFFAOYSA-L,C3H5O5P,151.988557419,True,ECMDB-supported,exact normalised name,True
FT01101,C20423,alpha-D-Ribose 1-methylphosphonate 5-phosphate,C6H16O10P2,M+2H,155.01038632188,2.0,-1.0850554790658349,0.1509783584467525,0.1509783584467525,alpha-d-ribose 1-methylphosphonate 5-phosphate,ECMDB23846,alpha-D-Ribose 1-methylphosphonate 5-phosphate,C20423,,,,RITBIFGLPRFTSB-KVTDHHQDSA-N,C6H14O10P2,308.006220647,True,ECMDB-supported,exact normalised name,False
FT01101,C00802,Oxalureate,C3H4N2NaO4,M+Na,155.00632461606,1.0,25.11840055975818,0.0005595061049886,0.0005595061049886,oxalureate,ECMDB20181,Oxalureate,C00802,,16582.0,456.0,UWBHMRBRLOJJAA-UHFFFAOYSA-N,C3H4N2O4,132.017106626,True,ECMDB-supported,exact normalised name,True
FT00235,C02917,"(S)-Propane-1,2-diol",C3H8NaO2,M+Na,99.04164749698,1.0,23.86942392352188,0.000118436526306,0.000118436526306,"(s)-propane-1,2-diol",ECMDB21102,"(S)-Propane-1,2-diol",C02917,HMDB06213,29002.0,439846.0,DNIAPMSPPWPWGF-VKHMYHEASA-N,C3H8O2,76.0524295,True,ECMDB-supported,exact normalised name,True
FT00235,C02912,"(R)-Propane-1,2-diol",C3H8NaO2,M+Na,99.04164749698,1.0,23.86942392352188,0.000118436526306,0.000118436526306,"(r)-propane-1,2-diol",ECMDB21100,"(R)-Propane-1,2-diol",C02912,,28972.0,259994.0,DNIAPMSPPWPWGF-GSVOUGTGSA-N,C3H8O2,76.0524295,True,ECMDB-supported,exact normalised name,False
FT00274,C00349,2-Methyl-3-oxopropanoate,C4H7O3,M+H,103.03897005209,1.0,-0.2421181228987804,0.1401461984057951,0.1401461984057952,2-methyl-3-oxopropanoate,ECMDB23126,2-Methyl-3-oxopropanoate,C00349,HMDB01172,16256.0,296.0,VOKUMXABRRXHAR-UHFFFAOYSA-N,C4H6O3,102.031694058,True,ECMDB-supported,exact normalised name,True
FT00384,C00106,Uracil,C4H5N2O2,M+H,113.03455337692,1.0,0.2684937844006819,0.188185782090028,0.188185782090028,uracil,ECMDB00300,Uracil,C00106,HMDB00300,17568.0,1174.0,ISAKRJDGNUQOIC-UHFFFAOYSA-N,C4H4N2O2,112.027277382,True,ECMDB-supported,exact normalised name,True
FT00411,C02512,3-Cyano-L-alanine,C4H7N2O2,M+H,115.05020344138,1.0,1.2428661203230809,0.141749994885192,0.141749994885192,3-cyano-l-alanine,ECMDB20066,3-Cyano-L-alanine,C02512,,16934.0,439742.0,BXRLWGXPSRYJDZ-VKHMYHEASA-N,C4H6N2O2,114.042927446,True,ECMDB-supported,exact normalised name,True
FT00457,C00463,Indole,C8H8N,M+H,118.06512523004,1.0,0.3758624564047814,0.4394466103874735,0.4394466103874735,indole,ECMDB00738,Indole,C00463,HMDB00738,16881.0,798.0,SIKJAQJRHWYJAI-UHFFFAOYSA-N,C8H7N,117.057849229,True,ECMDB-supported,exact normalised name,True
FT00562,C00349,2-Methyl-3-oxopropanoate,C4H6NaO3,M+Na,125.02091205209,1.0,18.903424556700667,0.0162420008139165,0.0162420008139165,2-methyl-3-oxopropanoate,ECMDB23126,2-Methyl-3-oxopropanoate,C00349,HMDB01172,16256.0,296.0,VOKUMXABRRXHAR-UHFFFAOYSA-N,C4H6O3,102.031694058,True,ECMDB-supported,exact normalised name,True
FT00585,EMBL-MCF_spec64934_1,2-HYDROXYBUTYRIC ACID,C4H8NaO3,M+Na,127.03656211655002,1.0,17.640767922557327,0.0027555665340943,0.0027555665340943,2-hydroxybutyric acid,ECMDB24007,2-Hydroxybutyric acid,,,,,AFENDNXGAFYKQO-UHFFFAOYSA-N,C4H8O3,104.047344122,True,ECMDB-supported,exact normalised name,False
FT00585,C00989,4-Hydroxybutanoic acid,C4H8NaO3,M+Na,127.03656211655002,1.0,17.640767922557327,0.0027555665340943,0.0027555665340943,4-hydroxybutanoic acid,ECMDB23821,4-Hydroxybutanoic acid,C00989,,,,SJZRECIVHVDYJC-UHFFFAOYSA-N,C4H8O3,104.047344122,True,ECMDB-supported,exact normalised name,True
FT00664,C00179,Agmatine,C5H15N4,M+H,131.12912246893998,1.0,-0.403327041246727,0.6649227382412863,0.7711417212581677,agmatine,ECMDB01432,Agmatine,C00179,HMDB01432,17431.0,199.0,QYPPJABKJHAVHS-UHFFFAOYSA-N,C5H14N4,130.121846468,True,ECMDB-supported,exact normalised name,True
FT00743,C00147,Adenine,C5H6N5,M+H,136.06177118329998,1.0,0.1092078905680182,0.1860573279450146,0.1860573279450146,adenine,ECMDB00034,Adenine,C00147,HMDB00034,16708.0,190.0,GFFGJBXGBJISGV-UHFFFAOYSA-N,C5H5N5,135.054495185,True,ECMDB-supported,exact normalised name,True
FT00743,C06056,4-Hydroxy-L-threonine,C4H10NO4,M+H,136.06043377278002,1.0,9.938741936117152,0.0773336308877646,0.0773336308877646,4-hydroxy-l-threonine,ECMDB20092,4-Hydroxy-L-threonine,C06056,,28330.0,193577.0,JBNUARFQOCGDRK-GBXIJSLDSA-N,C4H9NO4,135.053157781,True,ECMDB-supported,exact normalised name,True
FT00771,C00483,Tyramine,C8H12NO,M+H,138.09133997853,1.0,-15.32739841121169,0.0345364427441016,0.0345364427441016,tyramine,ECMDB00306,Tyramine,C00483,HMDB00306,15760.0,5610.0,DZGWFCGJZKJUFP-UHFFFAOYSA-N,C8H11NO,137.084063979,True,ECMDB-supported,exact normalised name,True
FT00844,C15587,Purine,C5H4N4Na,M+Na,143.03281414664,1.0,7.267381818627564,0.0387845663741904,0.0387845663741904,purine,ECMDB01366,Purine,C15587,HMDB01366,17258.0,,KDCGOANMDULRCW-UHFFFAOYSA-N,C5H4N4,120.043596148,True,ECMDB-supported,exact normalised name,True
FT03521,C00725,Lipoate,C8H14NaO2S2,M+Na,229.03274003916,1.0,-4.315881322521485,0.1231575364438439,0.1231575364438438,lipoate,ECMDB23028,lipoate,C00725,HMDB14312,16494.0,864.0,AGBQKNBQESQNJD-UHFFFAOYSA-N,C8H14O2S2,206.043521072,True,ECMDB-supported,exact normalised name,False
FT00934,C00047,L-Lysine,C6H15N2O2,M+H,147.11280369922,1.0,-1.1108831378823074,0.0887983801076542,0.0030049625212567,l-lysine,ECMDB00182,L-Lysine,C00047,HMDB00182,18019.0,5962.0,KDXKERNSBIXSRK-YFKPBYRVSA-N,C6H14N2O2,146.105527702,True,ECMDB-supported,exact normalised name,True
FT00934,C01888,Aminoacetone,C6H15N2O2,2M+H,147.11280369922,1.0,-1.1108831378823074,0.0887983801076542,0.0030049625212567,aminoacetone,ECMDB02134,Aminoacetone,C01888,HMDB02134,17906.0,215.0,BCDGQXUMWHRQCB-UHFFFAOYSA-N,C3H7NO,73.052763851,True,ECMDB-supported,exact normalised name,True
FT00980,C10438,Cinnamic acid,C9H9O2,M+H,149.05970549697997,1.0,-0.3425533264630108,0.04151435041918,0.04151435041918,cinnamic acid,ECMDB21422,Cinnamic acid,C10438,HMDB00567,27386.0,444539.0,WBYWAXJHAXSJNI-SREVYHEPSA-N,C9H8O2,148.0524295,True,ECMDB-supported,exact normalised name,False
FT01034,C00037,Glycine,C4H11N2O4,2M+H,151.07133280943998,1.0,25.859592017715947,0.0001059949167796,0.0001059949167796,glycine,ECMDB00123,Glycine,C00037,HMDB00123,15428.0,750.0,DHMQDGOQFOQNFH-UHFFFAOYSA-N,C2H5NO2,75.032028409,True,ECMDB-supported,exact normalised name,True
FT01046,C00389,Quercetin,C15H12O7,M+2H,152.028602329645,2.0,20.29958963445616,0.0031565178755038,0.0031565178755038,quercetin,ECMDB23201,Quercetin,C00389,HMDB05794,16243.0,5280343.0,REFJWTPEDVJJIY-UHFFFAOYSA-N,C15H10O7,302.042652674,True,ECMDB-supported,exact normalised name,False
FT01145,C01801,Deoxyribose,C5H10NaO4,M+Na,157.04712680058,1.0,-0.5473673587133423,0.0686842304475242,0.0686842304475243,deoxyribose,ECMDB03224,Deoxyribose,C01801,HMDB03224,28816.0,10786.0,PDWIQYODPROSQH-WISUUJSJSA-N,C5H10O4,134.057908808,True,ECMDB-supported,exact normalised name,True
FT01145,C06257,1-Deoxy-D-xylulose,C5H10NaO4,M+Na,157.04712680058,1.0,-0.5473673587133423,0.0686842304475242,0.0686842304475243,1-deoxy-d-xylulose,ECMDB01292,1-Deoxy-D-xylulose,C06257,HMDB01292,16493.0,,KZVAAIRBJJYZOW-WISUUJSJSA-N,C5H10O4,134.057908808,True,ECMDB-supported,exact normalised name,True
FT01145,C04171,"(2S,3S)-2,3-Dihydro-2,3-dihydroxybenzoate",C7H9O4,M+H,157.04953473612,1.0,-15.879690539501778,0.0073208027027667,0.0073208027027667,"(2s,3s)-2,3-dihydro-2,3-dihydroxybenzoate",ECMDB20009,"(2S,3S)-2,3-Dihydro-2,3-dihydroxybenzoate",C04171,,15941.0,3.0,INCSWYKICIYAHB-WDSKDSINSA-N,C7H8O4,156.042258744,True,ECMDB-supported,exact normalised name,True
FT02040,C01007,Reduced riboflavin,C17H24N4O6,M+2H,190.0842432221,2.0,-11.421807426990766,0.0368526461820097,0.0368526461820097,reduced riboflavin,ECMDB21279,Reduced riboflavin,C01007,,17607.0,11245895.0,SGSVWAYHEWEQET-SCRDCRAPSA-N,C17H22N4O6,378.153934456,True,ECMDB-supported,exact normalised name,True
FT01068,C00160,Glycolate,C4H9O6,2M+H,153.03936397526002,1.0,-28.520936716072843,8.668287497621752e-05,8.668287497621749e-05,glycolate,ECMDB23741,Glycolate,C00160,,,,AEMRFAOFKBGASW-UHFFFAOYSA-N,C2H4O3,76.016043994,True,ECMDB-supported,exact normalised name,True
FT01091,C00123,L-Leucine,C6H13NNaO2,M+Na,154.08384666256,1.0,-1.1636911194653323,0.0623157917595953,0.0623157917595951,l-leucine,ECMDB00687,L-Leucine,C00123,HMDB00687,15603.0,6106.0,ROHFNLRQFUQHCH-YFKPBYRVSA-N,C6H13NO2,131.094628665,True,ECMDB-supported,exact normalised name,True
FT01091,C00407,L-Isoleucine,C6H13NNaO2,M+Na,154.08384666256,1.0,-1.1636911194653323,0.0623157917595953,0.0623157917595951,l-isoleucine,ECMDB00172,L-Isoleucine,C00407,HMDB00172,17191.0,791.0,AGPKZVBTJJNPAG-WHFBIAKZSA-N,C6H13NO2,131.094628665,True,ECMDB-supported,exact normalised name,True
FT01091,C03758,Dopamine,C8H12NO2,M+H,154.08625459809997,1.0,-16.790865289873352,0.0051457930314782,0.0051457930314782,dopamine,ECMDB00073,Dopamine,C03758,HMDB00073,18243.0,681.0,VYFYYTLLBUKUHU-UHFFFAOYSA-N,C8H11NO2,153.078978601,True,ECMDB-supported,exact normalised name,True
FT01110,C16488,Fructoselysine,C12H26N2O7,M+2H,155.08645155968497,2.0,2.9984822487690828,0.0576643917555828,0.0576643917555828,fructoselysine,ECMDB20557,Fructoselysine,C16488,,,720.0,ZRMPOBPOYIGDMF-UHFFFAOYSA-N,C12H22N2O7,306.142701068,True,ECMDB-supported,exact normalised name,False
FT01189,C00262,Hypoxanthine,C5H4N4NaO,M+Na,159.02772876620998,1.0,-0.8329596417996502,0.1319543317367377,0.1319543317367377,hypoxanthine,ECMDB00157,Hypoxanthine,C00262,HMDB00157,17368.0,790.0,FDGQSTZJBFJUBT-UHFFFAOYSA-N,C5H4N4O,136.03851077,True,ECMDB-supported,exact normalised name,True
FT01189,C02222,2-Maleylacetate,C6H7O5,M+H,159.02879929122997,1.0,-7.564596509239062,0.0798358967255394,0.0798358967255394,2-maleylacetate,ECMDB20045,2-Maleylacetate,C02222,,1184.0,5280500.0,SOXXPQLIZIPMIZ-UPHRSURJSA-N,C6H6O5,158.021523302,True,ECMDB-supported,exact normalised name,True
FT01248,C00993,D-Alanyl-D-alanine,C6H13N2O3,M+H,161.09206825433,1.0,24.176651123846224,0.0026110618141487,0.0026110618141487,d-alanyl-d-alanine,ECMDB03459,D-Alanyl-D-alanine,C00993,HMDB03459,16576.0,5460362.0,DEFJQIDDEAULHB-QWWZWVQMSA-N,C6H12N2O3,160.08479226,True,ECMDB-supported,exact normalised name,True
FT01386,C14786,"(1R,2S)-Naphthalene 1,2-oxide",C10H8NaO,M+Na,167.04673287741,1.0,15.424364641110808,0.0261999185986943,0.0261999185986943,"(1r,2s)-naphthalene 1,2-oxide",ECMDB20001,"(1R,2S)-Naphthalene 1,2-oxide",C14786,HMDB06215,,155957.0,XQIJIALOJPIKGX-UHFFFAOYSA-N,C10H8O,144.057514878,True,ECMDB-supported,exact normalised name,True
FT01389,C11457,3-(3-Hydroxyphenyl)propanoic acid,C9H11O3,M+H,167.07027018101,1.0,-0.5284807577122393,0.0221288369127679,0.0221288369127678,3-(3-hydroxyphenyl)propanoic acid,ECMDB00375,3-(3-Hydroxyphenyl)propanoic acid,C11457,HMDB00375,1427.0,,QVWAEZJXDYOKEH-UHFFFAOYSA-N,C9H10O3,166.062994186,True,ECMDB-supported,exact normalised name,True
FT01408,C01225,sn-Glycero-3-phospho-1-inositol,C9H21O11P,M+2H,168.04052521302998,2.0,8.304003038905535,0.0157807615264734,0.0157807615264734,sn-glycero-3-phospho-1-inositol,ECMDB21357,Sn-Glycero-3-phospho-1-inositol,C01225,,18321.0,6857358.0,BMVUIWJCUQSHLZ-UJGXJMNGSA-N,C9H19O11P,334.066497962,True,ECMDB-supported,exact normalised name,False
FT01430,C14463,(R)-3-Hydroxy-3-methyl-2-oxopentanoate,C6H10NaO4,M+Na,169.04712680058,1.0,-0.6909136002604405,0.0411152700461565,0.0411152700461566,(r)-3-hydroxy-3-methyl-2-oxopentanoate,ECMDB20014,(R)-3-Hydroxy-3-methyl-2-oxopentanoate,C14463,,49257.0,11954026.0,YJVOWRAWFXRESP-ZCFIWIBFSA-N,C6H10O4,146.057908808,True,ECMDB-supported,exact normalised name,False
FT01430,C06762,4-Hydroxy-2-oxohexanoic acid,C6H10NaO4,M+Na,169.04712680058,1.0,-0.6909136002604405,0.0411152700461565,0.0411152700461566,4-hydroxy-2-oxohexanoic acid,ECMDB20089,4-Hydroxy-2-oxohexanoic acid,C06762,,,441164.0,ALFQPWXBAWHVDP-UHFFFAOYSA-N,C6H10O4,146.057908808,True,ECMDB-supported,exact normalised name,False
FT01430,C00966,2-Dehydropantoate,C6H10NaO4,M+Na,169.04712680058,1.0,-0.6909136002604405,0.0411152700461565,0.0411152700461566,2-dehydropantoate,ECMDB04043,2-Dehydropantoate,C00966,,17094.0,38.0,PKVVTUWHANFMQC-UHFFFAOYSA-M,C6H9O4,145.050083776,True,ECMDB-supported,exact normalised name,True
FT01430,C16272,3-Hydroxy-5-oxohexanoate,C6H10NaO4,M+Na,169.04712680058,1.0,-0.6909136002604405,0.0411152700461565,0.0411152700461566,3-hydroxy-5-oxohexanoate,ECMDB20072,3-Hydroxy-5-oxohexanoate,C16272,,37032.0,376.0,APWDZEIBFNZVND-UHFFFAOYSA-N,C6H10O4,146.057908808,True,ECMDB-supported,exact normalised name,False
FT01430,C21113,NMNH,C11H19N2O8P,M+2H,169.04340225587498,2.0,21.34213875185788,0.0007202553163727,0.0007202553163727,nmnh,ECMDB20594,NMNH,,,,25246098.0,XQHMUSRSLNRVGA-TURQNECASA-N,C11H17N2O8P,336.072252042,True,ECMDB-supported,exact normalised name,False
FT01432,C00064,L-Glutamine,C5H10N2NaO3,M+Na,169.05836018987,1.0,13.666780497587052,0.0304173642266876,0.0304173642266875,l-glutamine,ECMDB00641,L-Glutamine,C00064,HMDB00641,18050.0,5961.0,ZDXPYRJPNDTMRX-VKHMYHEASA-N,C5H10N2O3,146.069142196,True,ECMDB-supported,exact normalised name,True
FT01432,C00819,D-Glutamine,C5H10N2NaO3,M+Na,169.05836018987,1.0,13.666780497587052,0.0304173642266876,0.0304173642266875,d-glutamine,ECMDB03423,D-Glutamine,C00819,HMDB03423,17061.0,145815.0,ZDXPYRJPNDTMRX-GSVOUGTGSA-N,C5H10N2O3,146.069142196,True,ECMDB-supported,exact normalised name,True
FT01451,C11638,3-Amino-2-oxopropyl phosphate,C3H9NO5P,M+H,170.02128535853998,1.0,-0.8171876814109948,0.1351618342193677,0.1351618342193677,3-amino-2-oxopropyl phosphate,ECMDB23775,3-Amino-2-oxopropyl phosphate,C11638,,,,HIQNVODXENYOFK-UHFFFAOYSA-N,C3H8NO5P,169.01400936,True,ECMDB-supported,exact normalised name,True
FT01564,C00242,Guanine,C5H5N5NaO,M+Na,174.03862780287,1.0,-0.7025321134030756,0.3200440958468104,0.3200440958468104,guanine,ECMDB00132,Guanine,C00242,HMDB00132,16235.0,764.0,UYTPUPDQBNUYGX-UHFFFAOYSA-N,C5H5N5O,151.049409807,True,ECMDB-supported,exact normalised name,True
FT01611,C00062,L-Arginine,C6H15N4O2,M+H,175.11895170807998,1.0,-0.729935348112808,0.2653580533830946,0.2975163473056243,l-arginine,ECMDB00517,L-Arginine,C00062,HMDB00517,16467.0,6322.0,ODKSFYDXXFIFQN-BYPYZUCNSA-N,C6H14N4O2,174.111675712,True,ECMDB-supported,exact normalised name,True
FT02261,C00062,L-Arginine,C6H14N4NaO2,M+Na,197.10089370808,1.0,-0.7753835465574255,0.1065332392836863,0.1065332392836863,l-arginine,ECMDB00517,L-Arginine,C00062,HMDB00517,16467.0,6322.0,ODKSFYDXXFIFQN-BYPYZUCNSA-N,C6H14N4O2,174.111675712,True,ECMDB-supported,exact normalised name,True
FT01659,C00438,N-Carbamoyl-L-aspartate,C5H9N2O5,M+H,177.05059736455,1.0,22.10953045222645,0.000418835493406,0.000418835493406,n-carbamoyl-l-aspartate,ECMDB24189,N-carbamoyl-L-aspartate,,,,,HLKXYZVTANABHZ-UHFFFAOYSA-L,C5H6N2O5,174.028768461,True,ECMDB-supported,exact normalised name,False
FT01682,C00135,L-Histidine,C6H9N3NaO2,M+Na,178.0586945425,1.0,-1.1872406767536483,0.1110499443278792,0.1110499443278791,l-histidine,ECMDB00177,L-Histidine,C00135,HMDB00177,15971.0,6274.0,HNDVDQJCIGZPNO-YFKPBYRVSA-N,C6H9N3O2,155.069476547,True,ECMDB-supported,exact normalised name,True
FT01712,C00099,beta-Alanine,C6H15N2O4,2M+H,179.10263293836,1.0,21.79290638540597,0.0004778592999778,0.0004778592999778,beta-alanine,ECMDB00056,beta-Alanine,C00099,HMDB00056,16958.0,239.0,UCMIRNVEIXFBKS-UHFFFAOYSA-N,C3H7NO2,89.047678473,True,ECMDB-supported,exact normalised name,True
FT01712,C00213,Sarcosine,C6H15N2O4,2M+H,179.10263293836,1.0,21.79290638540597,0.0004778592999778,0.0004778592999778,sarcosine,ECMDB00271,Sarcosine,C00213,HMDB00271,15611.0,,FSYKKLYZXJSNPZ-UHFFFAOYSA-N,C3H7NO2,89.047678473,True,ECMDB-supported,exact normalised name,True
FT01712,C00133,D-Alanine,C6H15N2O4,2M+H,179.10263293836,1.0,21.79290638540597,0.0004778592999778,0.0004778592999778,d-alanine,ECMDB01310,D-Alanine,C00133,HMDB01310,15570.0,71080.0,QNAYBMKLOCPYGJ-UWTATZPHSA-N,C3H7NO2,89.047678473,True,ECMDB-supported,exact normalised name,True
FT01712,C00041,L-Alanine,C6H15N2O4,2M+H,179.10263293836,1.0,21.79290638540597,0.0004778592999778,0.0004778592999778,l-alanine,ECMDB00161,L-Alanine,C00041,HMDB00161,16977.0,5950.0,QNAYBMKLOCPYGJ-REOHCLBHSA-N,C3H7NO2,89.047678473,True,ECMDB-supported,exact normalised name,True
FT01754,C01551,Allantoin,C4H6N4NaO3,M+Na,181.03320806981,1.0,-25.38403286873385,0.0019977599204528,0.0019977599204528,allantoin,ECMDB00462,Allantoin,C01551,HMDB00462,15676.0,,POJWUDADGALRAB-UHFFFAOYSA-N,C4H6N4O3,158.043990078,True,ECMDB-supported,exact normalised name,False
FT01759,C12623,"trans-2,3-Dihydroxycinnamate",C9H9O4,M+H,181.04953473612,1.0,-0.7767875636499816,0.0260688346468594,0.0260688346468594,"trans-2,3-dihydroxycinnamate",ECMDB20197,"Trans-2,3-Dihydroxycinnamate",C12623,,32356.0,5282146.0,SIUKXCMDYPYCLH-UHFFFAOYSA-N,C9H8O4,180.042258744,True,ECMDB-supported,exact normalised name,True
FT01890,C05956,Prostaglandin G2,C20H34O6,M+2H,185.11722037439,2.0,-13.772572005167918,0.0195598546061459,0.0195598546061459,prostaglandin g2,ECMDB24081,Prostaglandin G2,,,,,SGUKUZOVHSFKPH-YNNPMVKQSA-N,C20H32O6,368.219888756,True,ECMDB-supported,exact normalised name,False
FT01975,C15998,L-Methionine (R)-S-oxide,C5H11NNaO3S,M+Na,188.03518239207,1.0,-18.696450452982745,0.003606641714442,0.003606641714442,l-methionine (r)-s-oxide,ECMDB23116,L-Methionine (R)-S-oxide,C15998,,49032.0,,QEFRNWWLZKMPFJ-ZXPFJRLXSA-N,C5H11NO3S,165.045963913,True,ECMDB-supported,exact normalised name,False
FT01975,C15999,L-Methionine (S)-S-oxide,C5H11NNaO3S,M+Na,188.03518239207,1.0,-18.696450452982745,0.003606641714442,0.003606641714442,l-methionine (s)-s-oxide,ECMDB23117,L-methionine (S)-S-oxide,C15999,HMDB02005,49033.0,847.0,QEFRNWWLZKMPFJ-MFXDVPHUSA-N,C5H11NO3S,165.045963913,True,ECMDB-supported,exact normalised name,False
FT01996,C00612,N1-Acetylspermidine,C9H22N3O,M+H,188.17573830969,1.0,-0.8025373055376976,0.4681401806588874,0.4681401806588874,n1-acetylspermidine,ECMDB01276,N1-Acetylspermidine,C00612,HMDB01276,17927.0,,MQTAVJHICJWXBR-UHFFFAOYSA-N,C9H21N3O,187.168462309,True,ECMDB-supported,exact normalised name,False
FT01996,C01029,N8-Acetylspermidine,C9H22N3O,M+H,188.17573830969,1.0,-0.8025373055376976,0.4681401806588874,0.4681401806588874,n8-acetylspermidine,ECMDB21254,N8-Acetylspermidine,C01029,HMDB02189,27911.0,123689.0,FONIWJIDLJEJTL-UHFFFAOYSA-N,C9H21N3O,187.168462309,True,ECMDB-supported,exact normalised name,False
FT02114,C00118,D-Glyceraldehyde 3-phosphate,C3H7NaO6P,M+Na,192.98724294145,1.0,17.338749131840768,0.0538846631665803,0.0538846631665803,d-glyceraldehyde 3-phosphate,ECMDB01112,D-Glyceraldehyde 3-phosphate,C00118,HMDB01112,17138.0,729.0,LXJXRIRHZLFYRP-UHFFFAOYSA-N,C3H7O6P,169.998024468,True,ECMDB-supported,exact normalised name,True
FT02172,C02979,Glycerol 2-phosphate,C3H9NaO6P,M+Na,195.00289300591,1.0,17.06935774990127,0.0451420385641018,0.0451420385641018,glycerol 2-phosphate,ECMDB21222,Glycerol 2-phosphate,C02979,HMDB02520,17270.0,2526.0,DHCLVCXQIBBOPH-UHFFFAOYSA-N,C3H9O6P,172.013674532,True,ECMDB-supported,exact normalised name,False
FT02172,C01346,dUDP,C9H16N2O11P2,M+2H,195.010917636095,2.0,-24.0809904334213,0.0034732571338262,0.0034732571338262,dudp,ECMDB01000,dUDP,C01346,HMDB01000,,,QHWZTVCCBMIIKE-SHYZEUOFSA-N,C9H14N2O11P2,388.007282324,True,ECMDB-supported,exact normalised name,True
FT02361,C04425,S-Adenosyl-4-methylthio-2-oxobutanoate,C15H22N5O6S,M+2H,200.06399077928495,2.0,20.521822757918216,0.0017226090085645,0.0017226090085645,s-adenosyl-4-methylthio-2-oxobutanoate,ECMDB21282,S-Adenosyl-4-methylthio-2-oxobutanoate,C04425,,8944.0,440336.0,UOKVQQMBGVMXPU-CJPDYEHRSA-O,C15H20N5O6S,398.113429087,True,ECMDB-supported,exact normalised name,False
FT02399,C00279,D-Erythrose 4-phosphate,C4H10O7P,M+H,201.01586562548,1.0,-0.6485111042017621,0.0862683505481287,0.0862683505481287,d-erythrose 4-phosphate,ECMDB02649,D-Erythrose 4-phosphate,C00279,HMDB01321,16897.0,697.0,NGHMDNPXVRFFGS-IUYQGCFVSA-N,C4H9O7P,200.008589154,True,ECMDB-supported,exact normalised name,True
FT02436,C06332,N-Acetylanthranilate,C9H9NNaO3,M+Na,202.04746115321,1.0,-0.2842930550682086,0.1198835166676479,0.1198835166676479,n-acetylanthranilate,ECMDB21251,N-Acetylanthranilate,C06332,,16803.0,6971.0,QSACCXVHEVWNMX-UHFFFAOYSA-N,C9H9NO3,179.058243159,True,ECMDB-supported,exact normalised name,False
FT02486,C02926,Homoserine lactone,C8H15N2O4,2M+H,203.10263293836,1.0,19.244438836042956,0.0042659077901678,0.0042659077901678,homoserine lactone,ECMDB20567,Homoserine lactone,C11837,,17289.0,443433.0,MKLNTBLOABOJFZ-UHFFFAOYSA-N,C4H8BrNO2,180.973841152,True,ECMDB-supported,exact normalised name,True
FT02486,C20905,2-Iminobutanoate,C8H15N2O4,2M+H,203.10263293836,1.0,19.244438836042956,0.0042659077901678,0.0042659077901678,2-iminobutanoate,ECMDB23909,2-Iminobutanoate,C20905,,,,WRBRCYPPGUCRHW-UHFFFAOYSA-M,C4H6NO2,100.040402017,True,ECMDB-supported,exact normalised name,True
FT02486,C17234,2-Aminobut-2-enoate,C8H15N2O4,2M+H,203.10263293836,1.0,19.244438836042956,0.0042659077901678,0.0042659077901678,2-aminobut-2-enoate,ECMDB23740,2-Aminobut-2-enoate,C17234,,,,PAWSVPVNIXFKOS-IHWYPQMZSA-N,C4H7NO2,101.047678473,True,ECMDB-supported,exact normalised name,True
FT02503,C05042,Glufosinate,C5H12NNaO4P,M+Na,204.03961286789,1.0,10.87762508365884,0.1439270493009309,0.1439270493009309,glufosinate,ECMDB23798,Glufosinate,C05042,,,,IDBRULKICVRMNG-VKHMYHEASA-N,C4H10NO4P,167.034744804,True,ECMDB-supported,exact normalised name,False
FT02504,C00082,L-Tyrosine,C9H11NNaO3,M+Na,204.06311121767,1.0,-0.343209257934075,0.0755685985755323,0.0755685985755323,l-tyrosine,ECMDB00158,L-Tyrosine,C00082,HMDB00158,17895.0,6057.0,OUYCCCASQSFEME-QMMMGPOBSA-N,C9H11NO3,181.073893223,True,ECMDB-supported,exact normalised name,True
FT02504,C06420,D-Tyrosine,C9H11NNaO3,M+Na,204.06311121767,1.0,-0.343209257934075,0.0755685985755323,0.0755685985755323,d-tyrosine,ECMDB21520,D-Tyrosine,C06420,HMDB00158,28479.0,71098.0,OUYCCCASQSFEME-MRVPVSSYSA-N,C9H11NO3,181.073893223,True,ECMDB-supported,exact normalised name,False
FT02504,C00331,Indolepyruvate,C11H10NO3,M+H,204.06551915321,1.0,-12.143021022246744,0.0203971442984008,0.0203971442984009,indolepyruvate,ECMDB21543,Indolepyruvate,C00331,,29750.0,5460337.0,RSTKLPZEZYGQPY-UHFFFAOYSA-M,C11H8NO3,202.050418127,True,ECMDB-supported,exact normalised name,True
FT02578,C00248,Lipoamide,C8H16NOS2,M+H,206.06678245625,1.0,-4.569116151398815,0.315335860690135,0.3153358606901348,lipoamide,ECMDB00962,Lipoamide,C00248,HMDB00962,17460.0,,FCCDDURTIIUXBY-UHFFFAOYSA-N,C8H15NOS2,205.059505487,True,ECMDB-supported,exact normalised name,True
FT02745,C00612,N1-Acetylspermidine,C9H21N3NaO,M+Na,210.15768030969,1.0,-3.8918793726030096,0.3476401836282942,0.3476401836282941,n1-acetylspermidine,ECMDB01276,N1-Acetylspermidine,C00612,HMDB01276,17927.0,,MQTAVJHICJWXBR-UHFFFAOYSA-N,C9H21N3O,187.168462309,True,ECMDB-supported,exact normalised name,False
FT02745,C01029,N8-Acetylspermidine,C9H21N3NaO,M+Na,210.15768030969,1.0,-3.8918793726030096,0.3476401836282942,0.3476401836282941,n8-acetylspermidine,ECMDB21254,N8-Acetylspermidine,C01029,HMDB02189,27911.0,123689.0,FONIWJIDLJEJTL-UHFFFAOYSA-N,C9H21N3O,187.168462309,True,ECMDB-supported,exact normalised name,False
FT02760,C08261,Azelaic acid,C9H16NaO4,M+Na,211.09407699396,1.0,-0.9807936296786716,0.0342787642385157,0.0342787642385157,azelaic acid,ECMDB21399,Azelaic acid,C08261,HMDB00784,,2266.0,BDJRBEYXGGNYIS-UHFFFAOYSA-N,C9H16O4,188.104859,True,ECMDB-supported,exact normalised name,False
FT02760,C00065,L-Serine,C6H15N2O6,2M+H,211.0924621775,1.0,6.669005228822726,0.02328333399328,0.02328333399328,l-serine,ECMDB00187,L-Serine,C00065,HMDB00187,17115.0,5951.0,MTCFGRXMJLQNBG-REOHCLBHSA-N,C3H7NO3,105.042593095,True,ECMDB-supported,exact normalised name,True
FT02760,C00740,D-Serine,C6H15N2O6,2M+H,211.0924621775,1.0,6.669005228822726,0.02328333399328,0.02328333399328,d-serine,ECMDB03406,D-Serine,C00740,HMDB03406,16523.0,71077.0,MTCFGRXMJLQNBG-UWTATZPHSA-N,C3H7NO3,105.042593095,True,ECMDB-supported,exact normalised name,False
FT02797,C02995,Maltose 6'-phosphate,C12H25O14P,M+2H,212.048547206845,2.0,20.39196880602128,0.0034102180490697,0.0034102180490697,maltose 6'-phosphate,ECMDB20171,Maltose 6'-phosphate,C02995,,15703.0,439874.0,ITPHOIFCAFNCLL-ASMJPISFSA-N,C12H23O14P,422.082541956,True,ECMDB-supported,exact normalised name,False
FT02797,C04534,"6-Phospho-beta-D-glucosyl-(1,4)-D-glucose",C12H25O14P,M+2H,212.048547206845,2.0,20.39196880602128,0.0034102180490697,0.0034102180490697,"6-phospho-beta-d-glucosyl-(1,4)-d-glucose",ECMDB21504,"6-Phospho-beta-D-glucosyl-(1,4)-D-glucose",C04534,,2233.0,440376.0,ITPHOIFCAFNCLL-QRZGKKJRSA-N,C12H23O14P,422.082541956,True,ECMDB-supported,exact normalised name,True
FT02798,C02995,Maltose 6'-phosphate,C12H25O14P,M+2H,212.048547206845,2.0,19.73364307902653,0.0043800096318691,0.0043800096318691,maltose 6'-phosphate,ECMDB20171,Maltose 6'-phosphate,C02995,,15703.0,439874.0,ITPHOIFCAFNCLL-ASMJPISFSA-N,C12H23O14P,422.082541956,True,ECMDB-supported,exact normalised name,False
FT02798,C04534,"6-Phospho-beta-D-glucosyl-(1,4)-D-glucose",C12H25O14P,M+2H,212.048547206845,2.0,19.73364307902653,0.0043800096318691,0.0043800096318691,"6-phospho-beta-d-glucosyl-(1,4)-d-glucose",ECMDB21504,"6-Phospho-beta-D-glucosyl-(1,4)-D-glucose",C04534,,2233.0,440376.0,ITPHOIFCAFNCLL-QRZGKKJRSA-N,C12H23O14P,422.082541956,True,ECMDB-supported,exact normalised name,True
FT02873,C16596,"5-Phenyl-1,3-oxazinane-2,4-dione",C10H9NNaO3,M+Na,214.04746115321,1.0,17.08266141674145,0.0152706124167528,0.0152706124167528,"5-phenyl-1,3-oxazinane-2,4-dione",ECMDB20107,"5-Phenyl-1,3-oxazinane-2,4-dione",C16596,,,21350393.0,YPIQXPKZXKWWSZ-UHFFFAOYSA-N,C10H9NO3,191.058243159,True,ECMDB-supported,exact normalised name,True
FT02882,C03169,Pyrimidine nucleoside,C9H14N2O4,M+H,214.09480790613,1.0,-25.091608407089307,0.0003637667135053,0.0003637667135053,pyrimidine nucleoside,ECMDB23971,Pyrimidine nucleoside,C03169,,,,UAGYHIZGHDGMCY-FNCVBFRFSA-N,C9H13N2O4,213.086983327,True,ECMDB-supported,exact normalised name,False
FT02923,C00679,5-Dehydro-4-deoxy-D-glucarate,C6H8NaO7,M+Na,215.01622059483,1.0,-0.7366018924276747,0.0574602232002331,0.0574602232002331,5-dehydro-4-deoxy-d-glucarate,ECMDB20102,5-Dehydro-4-deoxy-D-glucarate,C00679,,42819.0,439290.0,QUURPCHWPQNNGL-ZAFYKAAXSA-N,C6H8O7,192.02700261,True,ECMDB-supported,exact normalised name,False
FT02923,VF-NPL-QEHF0004xx_6,Citric acid,C6H8NaO7,M+Na,215.01622059483,1.0,-0.7366018924276747,0.0574602232002331,0.0574602232002331,citric acid,ECMDB00094,Citric acid,C00158,HMDB00094,16947.0,,KRKNYBCHXYNGOX-UHFFFAOYSA-N,C6H8O7,192.02700261,True,ECMDB-supported,exact normalised name,True
FT02923,C03921,2-Dehydro-3-deoxy-D-glucarate,C6H8NaO7,M+Na,215.01622059483,1.0,-0.7366018924276747,0.0574602232002331,0.0574602232002331,2-dehydro-3-deoxy-d-glucarate,ECMDB20040,2-Dehydro-3-deoxy-D-glucarate,C03921,,17305.0,440165.0,QUURPCHWPQNNGL-OKKQSCSOSA-N,C6H8O7,192.02700261,True,ECMDB-supported,exact normalised name,False
FT02923,C00104,IDP,C10H16N4O11P2,M+2H,215.013991640525,2.0,9.629945168709783,0.0253200679085082,0.0253200679085082,idp,ECMDB03335,IDP,C00104,HMDB03335,17808.0,644173.0,JPXZQMKKFWMMGK-VTHZCTBJSA-N,C10H14N4O11P2,428.013430334,True,ECMDB-supported,exact normalised name,True
FT02970,C06055,O-Phospho-4-hydroxy-L-threonine,C4H11NO7P,M+H,216.02676466214,1.0,15.249327282079523,0.0623244595624248,0.0623244595624248,o-phospho-4-hydroxy-l-threonine,ECMDB06802,O-Phospho-4-hydroxy-L-threonine,C06055,HMDB06802,18336.0,,FKHAKIJOKDGEII-GBXIJSLDSA-N,C4H10NO7P,215.019488191,True,ECMDB-supported,exact normalised name,True
FT03041,C00556,Benzyl alcohol,C14H17O2,2M+H,217.12230575482,1.0,-0.2187900125314292,0.0550503497919005,0.0550503497919005,benzyl alcohol,ECMDB24002,Benzyl alcohol,C00556,,,,WVDDGKGOMKODPV-UHFFFAOYSA-N,C7H8O,108.057514878,True,ECMDB-supported,exact normalised name,True
FT03071,C16586,"2-Phenyl-1,3-propanediol monocarbamate",C10H13NNaO3,M+Na,218.07876128213,1.0,29.451709484463866,3.00562323393857e-05,3.0056232339385705e-05,"2-phenyl-1,3-propanediol monocarbamate",ECMDB20048,"2-Phenyl-1,3-propanediol monocarbamate",C16586,,,213060.0,JQVQIZWJBLGVRW-UHFFFAOYSA-N,C10H13NO3,195.089543287,True,ECMDB-supported,exact normalised name,True
FT03116,C00770,L-Idonate,C6H12NaO7,M+Na,219.04752072375,1.0,-1.0395610013581629,0.0689216046794721,0.0689216046794721,l-idonate,ECMDB21376,L-Idonate,C00770,,17796.0,604.0,RGHNJXZEOKUKBD-SKNVOMKLSA-N,C6H12O7,196.058302738,True,ECMDB-supported,exact normalised name,False
FT03116,C00800,L-Gulonate,C6H12NaO7,M+Na,219.04752072375,1.0,-1.0395610013581629,0.0689216046794721,0.0689216046794721,l-gulonate,ECMDB23811,L-Gulonate,C00800,,,,RGHNJXZEOKUKBD-QTBDOELSSA-N,C6H12O7,196.058302738,True,ECMDB-supported,exact normalised name,True
FT03116,C00817,D-Altronate,C6H12NaO7,M+Na,219.04752072375,1.0,-1.0395610013581629,0.0689216046794721,0.0689216046794721,d-altronate,ECMDB20136,D-Altronate,C00817,,17360.0,439315.0,RGHNJXZEOKUKBD-AIHAYLRMSA-N,C6H12O7,196.058302738,True,ECMDB-supported,exact normalised name,False
FT03116,C00817,D-Altronate,C6H12NaO7,M+Na,219.04752072375,1.0,-1.0395610013581629,0.0689216046794721,0.0689216046794721,d-altronate,ECMDB24229, D-altronate,,,,,RGHNJXZEOKUKBD-UHFFFAOYSA-M,C6H11O7,195.051026274,True,ECMDB-supported,exact normalised name,False
FT03116,C00880,D-Galactonate,C6H12NaO7,M+Na,219.04752072375,1.0,-1.0395610013581629,0.0689216046794721,0.0689216046794721,d-galactonate,ECMDB20140,D-Galactonate,C15930,HMDB00565,12931.0,604.0,RGHNJXZEOKUKBD-UHFFFAOYSA-N,C6H12O7,196.058302738,True,ECMDB-supported,exact normalised name,True
FT03116,EMBL-MCF_spec15889_1,GLUCONIC ACID,C6H12NaO7,M+Na,219.04752072375,1.0,-1.0395610013581629,0.0689216046794721,0.0689216046794721,gluconic acid,ECMDB00625,Gluconic acid,C00257,HMDB00625,33198.0,10690.0,RGHNJXZEOKUKBD-SQOUGZDYSA-N,C6H12O7,196.058302738,True,ECMDB-supported,exact normalised name,True
FT03116,C15930,L-Galactonate,C6H12NaO7,M+Na,219.04752072375,1.0,-1.0395610013581629,0.0689216046794721,0.0689216046794721,l-galactonate,ECMDB21375,L-Galactonate,C15930,,53071.0,44229140.0,RGHNJXZEOKUKBD-RSJOWCBRSA-M,C6H11O7,195.050477706,True,ECMDB-supported,exact normalised name,True
FT03116,C00514,D-Mannonate,C6H12NaO7,M+Na,219.04752072375,1.0,-1.0395610013581629,0.0689216046794721,0.0689216046794721,d-mannonate,ECMDB04101,D-Mannonate,C00514,HMDB13791,17767.0,5460054.0,RGHNJXZEOKUKBD-MBMOQRBOSA-N,C6H12O7,196.058302738,True,ECMDB-supported,exact normalised name,False
FT03116,C00519,Hypotaurine,C4H15N2O4S2,2M+H,219.04677528716,1.0,2.363528654221372,0.0662158651499381,0.0662158651499381,hypotaurine,ECMDB00965,Hypotaurine,C00519,HMDB00965,16668.0,107812.0,VVIUBCNYACGLLV-UHFFFAOYSA-N,C2H7NO2S,109.019749163,True,ECMDB-supported,exact normalised name,True
FT03153,C00355,"3,4-Dihydroxy-L-phenylalanine",C9H11NNaO4,M+Na,220.05802583724,1.0,10.062712634898393,0.0447143254023856,0.0447143254023856,"3,4-dihydroxy-l-phenylalanine",ECMDB23839,"3,4-Dihydroxy-L-phenylalanine",C00355,,,,WTDRDQBEARUVNC-LURJTMIESA-N,C9H11NO4,197.068807845,True,ECMDB-supported,exact normalised name,True
FT03276,C00380,Cytosine,C8H11N6O2,2M+H,223.09379958802,1.0,11.664284044830444,0.0040074282537624,0.0040074282537624,cytosine,ECMDB00630,Cytosine,C00380,HMDB00630,16040.0,597.0,OPTASPLRGRRNAP-UHFFFAOYSA-N,C4H5N3O,111.043261797,True,ECMDB-supported,exact normalised name,True
FT03424,C00078,L-Tryptophan,C11H12N2NaO2,M+Na,227.07909563476,1.0,-0.5504629241376539,0.0608389945496696,0.0608389945496695,l-tryptophan,ECMDB00929,L-Tryptophan,C00078,HMDB00929,27897.0,6305.0,QIVBCDIJIAJPQS-VIFPVBQESA-N,C11H12N2O2,204.089877638,True,ECMDB-supported,exact normalised name,True
FT03427,C03912,(S)-1-Pyrroline-5-carboxylate,C10H15N2O4,2M+H,227.10263293836,1.0,-28.87618815840482,0.0002195189434286,0.0002195189434286,(s)-1-pyrroline-5-carboxylate,ECMDB23106,(S)-1-pyrroline-5-carboxylate,C03912,,,,DWAKNKKXGALPNW-BYPYZUCNSA-N,C5H7NO2,113.047678473,True,ECMDB-supported,exact normalised name,True
FT03427,C00931,Porphobilinogen,C10H15N2O4,M+H,227.10263293836,1.0,-28.87618815840482,0.0002195189434286,0.0002195189434286,porphobilinogen,ECMDB00245,Porphobilinogen,C00931,HMDB00245,17381.0,1021.0,QSHWIQZFGQKFMA-UHFFFAOYSA-N,C10H14N2O4,226.095356946,True,ECMDB-supported,exact normalised name,False
FT03430,C00931,Porphobilinogen,C10H15N2O4,M+H,227.10263293836,1.0,6.284564597757684,0.0421217189718525,0.0421217189718525,porphobilinogen,ECMDB00245,Porphobilinogen,C00931,HMDB00245,17381.0,1021.0,QSHWIQZFGQKFMA-UHFFFAOYSA-N,C10H14N2O4,226.095356946,True,ECMDB-supported,exact normalised name,False
FT03430,C03912,(S)-1-Pyrroline-5-carboxylate,C10H15N2O4,2M+H,227.10263293836,1.0,6.284564597757684,0.0421217189718525,0.0421217189718525,(s)-1-pyrroline-5-carboxylate,ECMDB23106,(S)-1-pyrroline-5-carboxylate,C03912,,,,DWAKNKKXGALPNW-BYPYZUCNSA-N,C5H7NO2,113.047678473,True,ECMDB-supported,exact normalised name,True
FT03650,C00148,L-Proline,C10H19N2O4,2M+H,231.13393306728,1.0,6.864503190652337,0.022651067561292,0.022651067561292,l-proline,ECMDB00162,L-Proline,C00148,HMDB00162,17203.0,145742.0,ONIBWKKTOPOVIA-BYPYZUCNSA-N,C5H9NO2,115.063328537,True,ECMDB-supported,exact normalised name,True
FT04663,C00526,Deoxyuridine,C9H12N2NaO5,M+Na,251.06383949347,1.0,-19.818503138494084,0.0098538443191065,0.0098538443191065,deoxyuridine,ECMDB00012,Deoxyuridine,C00526,HMDB00012,16450.0,13712.0,MXHRCPNRJAMMIM-SHYZEUOFSA-N,C9H12N2O5,228.074621504,True,ECMDB-supported,exact normalised name,True
FT05419,C00802,Oxalureate,C6H9N4O8,2M+H,265.04148923212,1.0,-12.273795806166266,0.1097536317795753,0.1097536317795753,oxalureate,ECMDB20181,Oxalureate,C00802,,16582.0,456.0,UWBHMRBRLOJJAA-UHFFFAOYSA-N,C3H4N2O4,132.017106626,True,ECMDB-supported,exact normalised name,True
FT03832,C03508,L-2-Amino-3-oxobutanoic acid,C8H15N2O6,2M+H,235.0924621775,1.0,-19.147388079899144,0.0168658190766379,0.0168658190766379,l-2-amino-3-oxobutanoic acid,ECMDB06454,L-2-Amino-3-oxobutanoic acid,C03508,HMDB06454,16944.0,5460100.0,SAUCHDKDCUROAO-VKHMYHEASA-N,C4H7NO3,117.042593095,True,ECMDB-supported,exact normalised name,True
FT03852,C00719,Betaine,C10H23N2O4,2M+H,235.1652331962,1.0,16.879904665610297,0.0006581913532675,0.0006581913532675,betaine,ECMDB04024,Betaine,C00719,HMDB00043,17750.0,247.0,KWIUHFFTVRNATP-UHFFFAOYSA-N,C5H11NO2,117.078978601,True,ECMDB-supported,exact normalised name,True
FT03852,C00183,L-Valine,C10H23N2O4,2M+H,235.1652331962,1.0,16.879904665610297,0.0006581913532675,0.0006581913532675,l-valine,ECMDB00883,L-Valine,C00183,HMDB00883,16414.0,1182.0,KZSNJWFQEVHDMF-BYPYZUCNSA-N,C5H11NO2,117.078978601,True,ECMDB-supported,exact normalised name,True
FT03931,C20463,Purine deoxyribonucleoside,C10H13N4O3,M+H,237.09821626319,1.0,23.28431713665832,0.0015073426505029,0.0015073426505029,purine deoxyribonucleoside,ECMDB23826,Purine deoxyribonucleoside,C20463,,,,WJBNIBFTNGZFBW-DJLDLDEBSA-N,C10H12N4O3,236.090940262,True,ECMDB-supported,exact normalised name,True
FT04097,C20957,L-Alanyl-D-glutamate,C8H14N2NaO5,M+Na,241.07948955793,1.0,18.16307158279688,0.0023101187050296,0.0023101187050296,l-alanyl-d-glutamate,ECMDB21241,L-Alanyl-D-glutamate,,,61395.0,25203551.0,VYZAGTDAHUIRQA-UHFFFAOYSA-M,C8H13N2O5,217.082446536,True,ECMDB-supported,exact normalised name,False
FT04097,C20958,L-Alanyl-L-glutamate,C8H14N2NaO5,M+Na,241.07948955793,1.0,18.16307158279688,0.0023101187050296,0.0023101187050296,l-alanyl-l-glutamate,ECMDB20481,L-Alanyl-L-Glutamate,,,,25203511.0,VYZAGTDAHUIRQA-UHFFFAOYSA-M,C8H13N2O5,217.082446536,True,ECMDB-supported,exact normalised name,False
FT04098,C15587,Purine,C10H9N8,2M+H,241.09446829328,1.0,1.1410182364273531,0.051499073533946,0.051499073533946,purine,ECMDB01366,Purine,C15587,HMDB01366,17258.0,,KDCGOANMDULRCW-UHFFFAOYSA-N,C5H4N4,120.043596148,True,ECMDB-supported,exact normalised name,True
FT04102,C00601,Phenylacetaldehyde,C16H17O2,2M+H,241.12230575482,1.0,-10.826655015636048,0.0301183072075543,0.0301183072075543,phenylacetaldehyde,ECMDB06236,Phenylacetaldehyde,C00601,HMDB06236,16424.0,998.0,DTUQWGWMVIHBKE-UHFFFAOYSA-N,C8H8O,120.057514878,True,ECMDB-supported,exact normalised name,True
FT04538,C14806,"1-Nitro-5-glutathionyl-6-hydroxy-5,6-dihydronaphthalene",C20H26N4O9S,M+2H,249.070475770885,2.0,-24.28940875179878,0.0004878197163964,0.0004878197163964,"1-nitro-5-glutathionyl-6-hydroxy-5,6-dihydronaphthalene",ECMDB20024,"1-Nitro-5-glutathionyl-6-hydroxy-5,6-dihydronaphthalene",C14806,,,11954057.0,ASZHPHJDCUIIBF-RJXQQRCHSA-N,C20H24N4O9S,496.126399076,True,ECMDB-supported,exact normalised name,True
FT04538,C14805,"1-Nitro-5-hydroxy-6-glutathionyl-5,6-dihydronaphthalene",C20H26N4O9S,M+2H,249.070475770885,2.0,-24.28940875179878,0.0004878197163964,0.0004878197163964,"1-nitro-5-hydroxy-6-glutathionyl-5,6-dihydronaphthalene",ECMDB20025,"1-Nitro-5-hydroxy-6-glutathionyl-5,6-dihydronaphthalene",C14805,,,11954056.0,SFJZEQDXMXSLGC-RJXQQRCHSA-N,C20H24N4O9S,496.126399076,True,ECMDB-supported,exact normalised name,True
FT04538,C14804,"1-Nitro-7-glutathionyl-8-hydroxy-7,8-dihydronaphthalene",C20H26N4O9S,M+2H,249.070475770885,2.0,-24.28940875179878,0.0004878197163964,0.0004878197163964,"1-nitro-7-glutathionyl-8-hydroxy-7,8-dihydronaphthalene",ECMDB20026,"1-Nitro-7-glutathionyl-8-hydroxy-7,8-dihydronaphthalene",C14804,,,11954055.0,FCTXJUPCCZHZHU-WXFCVCCESA-N,C20H24N4O9S,496.126399076,True,ECMDB-supported,exact normalised name,True
FT04538,C14803,"1-Nitro-7-hydroxy-8-glutathionyl-7,8-dihydronaphthalene",C20H26N4O9S,M+2H,249.070475770885,2.0,-24.28940875179878,0.0004878197163964,0.0004878197163964,"1-nitro-7-hydroxy-8-glutathionyl-7,8-dihydronaphthalene",ECMDB20027,"1-Nitro-7-hydroxy-8-glutathionyl-7,8-dihydronaphthalene",C14803,,,11954054.0,RQCSOWVLCHNLLC-WXFCVCCESA-N,C20H24N4O9S,496.126399076,True,ECMDB-supported,exact normalised name,True
FT04607,C00881,Deoxycytidine,C9H13N3NaO4,M+Na,250.07982391056,1.0,25.661246443891507,0.0003816979287422,0.0003816979287422,deoxycytidine,ECMDB00014,Deoxycytidine,C00881,HMDB00014,,13711.0,CKTSBUTUHBMZGZ-SHYZEUOFSA-N,C9H13N3O4,227.090605919,True,ECMDB-supported,exact normalised name,True
FT04607,C01136,S-Acetyldihydrolipoamide,C10H20NO2S2,M+H,250.09299720474,1.0,-27.013687962090454,0.0002026311130358,0.0002026311130358,s-acetyldihydrolipoamide,ECMDB01526,S-Acetyldihydrolipoamide,C01136,HMDB01526,16807.0,,ARGXEXVCHMNAQU-UHFFFAOYSA-N,C10H19NO2S2,249.085720237,True,ECMDB-supported,exact normalised name,False
FT04610,C01136,S-Acetyldihydrolipoamide,C10H20NO2S2,M+H,250.09299720474,1.0,21.43949498359408,0.0075392426016656,0.0075392426016656,s-acetyldihydrolipoamide,ECMDB01526,S-Acetyldihydrolipoamide,C01136,HMDB01526,16807.0,,ARGXEXVCHMNAQU-UHFFFAOYSA-N,C10H19NO2S2,249.085720237,True,ECMDB-supported,exact normalised name,False
FT04718,C03090,5-Phosphoribosylamine,C5H12NNaO7P,M+Na,252.0243567266,1.0,6.567099075257684,0.2446976315163831,0.2446976315163831,5-phosphoribosylamine,ECMDB01128,5-Phosphoribosylamine,C03090,HMDB01128,17284.0,150.0,SKCBPEVYGOQGJN-TXICZTDVSA-N,C5H12NO7P,229.035138255,True,ECMDB-supported,exact normalised name,True
FT04781,C00178,Thymine,C10H13N4O4,2M+H,253.09313088276,1.0,19.232242858753388,0.0035875431511958,0.0035875431511958,thymine,ECMDB00262,Thymine,C00178,HMDB00262,17821.0,1135.0,RWQNBRDOKXIBIV-UHFFFAOYSA-N,C5H6N2O2,126.042927446,True,ECMDB-supported,exact normalised name,True
FT04781,C05512,Deoxyinosine,C10H13N4O4,M+H,253.09313088276,1.0,19.232242858753388,0.0035875431511958,0.0035875431511958,deoxyinosine,ECMDB00071,Deoxyinosine,C05512,HMDB00071,,65058.0,VGONTNSXDCQUGY-RRKCRQDMSA-N,C10H12N4O4,252.085854892,True,ECMDB-supported,exact normalised name,False
FT04781,C01835,Maltotriose,C18H34O16,M+2H,253.09179347224,2.0,24.516634829941427,0.0004595438116935,0.0004595438116935,maltotriose,ECMDB01262,Maltotriose,C01835,HMDB01262,27931.0,439586.0,FYGDTMLNYKFZSV-DZOUCCHMSA-N,C18H32O16,504.169034976,True,ECMDB-supported,exact normalised name,False
FT04781,C05404,D-Gal alpha 1->6D-Gal alpha 1->6D-Glucose,C18H34O16,M+2H,253.09179347224,2.0,24.516634829941427,0.0004595438116935,0.0004595438116935,d-gal alpha 1->6d-gal alpha 1->6d-glucose,ECMDB20139,D-Gal alpha 1->6D-Gal alpha 1->6D-Glucose,C05404,,31005.0,440660.0,OXEVOBRQLSFMMV-UJCVHXCLSA-N,C18H32O16,504.169034976,True,ECMDB-supported,exact normalised name,False
FT04884,C03415,N2-Succinyl-L-ornithine,C9H16N2NaO5,M+Na,255.09513962239,1.0,-0.6458817491078865,0.0993128909436456,0.1749581545109001,n2-succinyl-l-ornithine,ECMDB01199,N2-Succinyl-L-ornithine,C03415,HMDB01199,,920.0,VWXQFHJBQHTHMK-LURJTMIESA-N,C9H16N2O5,232.105921632,True,ECMDB-supported,exact normalised name,False
FT05326,C03741,(S)-4-Amino-5-oxopentanoate,C10H19N2O6,2M+H,263.12376230642,1.0,6.117559405780828,0.0099615540826298,0.0099615540826298,(s)-4-amino-5-oxopentanoate,ECMDB20017,(S)-4-Amino-5-oxopentanoate,C03741,,15757.0,742.0,MPUUQNGXJSEWTF-BYPYZUCNSA-N,C5H9NO3,131.058243159,True,ECMDB-supported,exact normalised name,False
FT05326,EMBL-MCF_spec54667_1,N-ACETYL-L-ALANINE,C10H19N2O6,2M+H,263.12376230642,1.0,6.117559405780828,0.0099615540826298,0.0099615540826298,n-acetyl-l-alanine,ECMDB01138,N-Acetyl-L-alanine,,HMDB00766,17533.0,7345.0,KTHDTJVBEPMMGL-VKHMYHEASA-N,C5H9NO3,131.058243159,True,ECMDB-supported,exact normalised name,False
FT05326,C01157,Hydroxyproline,C10H19N2O6,2M+H,263.12376230642,1.0,6.117559405780828,0.0099615540826298,0.0099615540826298,hydroxyproline,ECMDB00725,Hydroxyproline,C01157,HMDB00725,18095.0,5810.0,PMMYEEVYMWASQN-DMTCNVIQSA-N,C5H9NO3,131.058243159,True,ECMDB-supported,exact normalised name,True
FT05339,C00407,L-Isoleucine,C12H27N2O4,2M+H,263.19653332512,1.0,6.387669114541112,0.026522206339211,0.026522206339211,l-isoleucine,ECMDB00172,L-Isoleucine,C00407,HMDB00172,17191.0,791.0,AGPKZVBTJJNPAG-WHFBIAKZSA-N,C6H13NO2,131.094628665,True,ECMDB-supported,exact normalised name,True
FT05339,C00123,L-Leucine,C12H27N2O4,2M+H,263.19653332512,1.0,6.387669114541112,0.026522206339211,0.026522206339211,l-leucine,ECMDB00687,L-Leucine,C00123,HMDB00687,15603.0,6106.0,ROHFNLRQFUQHCH-YFKPBYRVSA-N,C6H13NO2,131.094628665,True,ECMDB-supported,exact normalised name,True
FT05429,C03589,4-Hydroxy-2-oxopentanoate,C10H17O8,2M+H,265.09179347224,1.0,-22.91647150759834,0.0006799009394149,0.0006799009394149,4-hydroxy-2-oxopentanoate,ECMDB20090,4-Hydroxy-2-oxopentanoate,C03589,HMDB12639,17655.0,124.0,HFKQINMYQUXOCH-UHFFFAOYSA-M,C5H7O4,131.034982285,True,ECMDB-supported,exact normalised name,False
FT05429,C00900,2-Acetolactate,C10H17O8,2M+H,265.09179347224,1.0,-22.91647150759834,0.0006799009394149,0.0006799009394149,2-acetolactate,ECMDB04002,2-Acetolactate,C00900,HMDB06833,,22.0,NMDWGEGFJUBKLB-UHFFFAOYSA-N,C5H8O4,132.042258744,True,ECMDB-supported,exact normalised name,True
FT05429,C06010,(S)-2-Acetolactate,C10H17O8,2M+H,265.09179347224,1.0,-22.91647150759834,0.0006799009394149,0.0006799009394149,(s)-2-acetolactate,ECMDB06855,(S)-2-Acetolactate,C06010,HMDB06855,,,NMDWGEGFJUBKLB-YFKPBYRVSA-N,C5H8O4,132.042258744,True,ECMDB-supported,exact normalised name,True
FT05429,C04181,3-Hydroxy-3-methyl-2-oxobutanoic acid,C10H17O8,2M+H,265.09179347224,1.0,-22.91647150759834,0.0006799009394149,0.0006799009394149,3-hydroxy-3-methyl-2-oxobutanoic acid,ECMDB20070,3-Hydroxy-3-methyl-2-oxobutanoic acid,C04181,,17667.0,440248.0,DNOPJXBPONYBLB-UHFFFAOYSA-N,C5H8O4,132.042258744,True,ECMDB-supported,exact normalised name,True
FT05429,C00214,Thymidine,C10H14N2NaO5,M+Na,265.07948955793,1.0,23.498407169785555,0.0005347792342569,0.0005347792342569,thymidine,ECMDB00273,Thymidine,C00214,HMDB00273,17748.0,5789.0,IQFYYKKMVGJFEH-XLPZGREQSA-N,C10H14N2O5,242.090271568,True,ECMDB-supported,exact normalised name,True
FT05430,C00900,2-Acetolactate,C10H17O8,2M+H,265.09179347224,1.0,-13.11378092648572,0.0276569805082156,0.0276569805082155,2-acetolactate,ECMDB04002,2-Acetolactate,C00900,HMDB06833,,22.0,NMDWGEGFJUBKLB-UHFFFAOYSA-N,C5H8O4,132.042258744,True,ECMDB-supported,exact normalised name,True
FT05430,C03589,4-Hydroxy-2-oxopentanoate,C10H17O8,2M+H,265.09179347224,1.0,-13.11378092648572,0.0276569805082156,0.0276569805082155,4-hydroxy-2-oxopentanoate,ECMDB20090,4-Hydroxy-2-oxopentanoate,C03589,HMDB12639,17655.0,124.0,HFKQINMYQUXOCH-UHFFFAOYSA-M,C5H7O4,131.034982285,True,ECMDB-supported,exact normalised name,False
FT05430,C04181,3-Hydroxy-3-methyl-2-oxobutanoic acid,C10H17O8,2M+H,265.09179347224,1.0,-13.11378092648572,0.0276569805082156,0.0276569805082155,3-hydroxy-3-methyl-2-oxobutanoic acid,ECMDB20070,3-Hydroxy-3-methyl-2-oxobutanoic acid,C04181,,17667.0,440248.0,DNOPJXBPONYBLB-UHFFFAOYSA-N,C5H8O4,132.042258744,True,ECMDB-supported,exact normalised name,True
FT05430,C06010,(S)-2-Acetolactate,C10H17O8,2M+H,265.09179347224,1.0,-13.11378092648572,0.0276569805082156,0.0276569805082155,(s)-2-acetolactate,ECMDB06855,(S)-2-Acetolactate,C06010,HMDB06855,,,NMDWGEGFJUBKLB-YFKPBYRVSA-N,C5H8O4,132.042258744,True,ECMDB-supported,exact normalised name,True
FT05437,C00152,L-Asparagine,C8H17N4O6,2M+H,265.11426025082,1.0,6.021454479675999,0.0496434659423638,0.0639276241071037,l-asparagine,ECMDB00168,L-Asparagine,C00152,HMDB00168,17196.0,6267.0,DCXYFEDJOCDNAF-REOHCLBHSA-N,C4H8N2O3,132.053492132,True,ECMDB-supported,exact normalised name,True
FT05490,C00475,Cytidine,C9H13N3NaO5,M+Na,266.07473853013,1.0,0.1341730305201055,0.1862713576609036,0.1862713576609036,cytidine,ECMDB00089,Cytidine,C00475,HMDB00089,17562.0,6175.0,UHDGCWIWMRVCDJ-XVFCMESISA-N,C9H13N3O5,243.085520541,True,ECMDB-supported,exact normalised name,True
FT05490,C05711,gamma-Glutamyl-beta-cyanoalanine,C9H13N3NaO5,M+Na,266.07473853013,1.0,0.1341730305201055,0.1862713576609036,0.1862713576609036,gamma-glutamyl-beta-cyanoalanine,ECMDB20151,gamma-Glutamyl-beta-cyanoalanine,C05711,,,440768.0,QUAADUAOVLZBJM-UHFFFAOYSA-N,C9H13N3O5,243.085520541,True,ECMDB-supported,exact normalised name,True
FT05648,C00497,(R)-Malate,C8H13O10,2M+H,269.05032258246,1.0,23.58267679497148,0.0013227316873091,0.0013227316873091,(r)-malate,ECMDB20015,(R)-Malate,C00497,,30796.0,92824.0,BJEPYKJPYRNKOW-UWTATZPHSA-N,C4H6O5,134.021523302,True,ECMDB-supported,exact normalised name,True
FT05660,C06257,1-Deoxy-D-xylulose,C10H21O8,2M+H,269.12309360116,1.0,-23.486989865614223,0.0002163839277927,0.0002163839277927,1-deoxy-d-xylulose,ECMDB01292,1-Deoxy-D-xylulose,C06257,HMDB01292,16493.0,,KZVAAIRBJJYZOW-WISUUJSJSA-N,C5H10O4,134.057908808,True,ECMDB-supported,exact normalised name,True
FT05660,C01801,Deoxyribose,C10H21O8,2M+H,269.12309360116,1.0,-23.486989865614223,0.0002163839277927,0.0002163839277927,deoxyribose,ECMDB03224,Deoxyribose,C01801,HMDB03224,28816.0,10786.0,PDWIQYODPROSQH-WISUUJSJSA-N,C5H10O4,134.057908808,True,ECMDB-supported,exact normalised name,True
FT05801,C01136,S-Acetyldihydrolipoamide,C10H19NNaO2S2,M+Na,272.07493920474,1.0,12.006384070253567,0.6713328305030479,0.6713328305030478,s-acetyldihydrolipoamide,ECMDB01526,S-Acetyldihydrolipoamide,C01136,HMDB01526,16807.0,,ARGXEXVCHMNAQU-UHFFFAOYSA-N,C10H19NO2S2,249.085720237,True,ECMDB-supported,exact normalised name,False
FT05834,C04121,CMP-3-deoxy-D-manno-octulosonate,C17H28N3O15P,M+2H,272.56235307162,2.0,29.8618248751286,0.0018356544832765,0.0018356544832765,cmp-3-deoxy-d-manno-octulosonate,ECMDB20133,CMP-3-Deoxy-D-manno-octulosonate,C04121,,,445888.0,YWWJKULNWGRYAS-XKKDATLGSA-N,C17H26N3O15P,543.110153689,True,ECMDB-supported,exact normalised name,False
FT05865,C00262,Hypoxanthine,C10H9N8O2,2M+H,273.08429753241995,1.0,0.7691852184989543,0.0957795901326097,0.0957795901326097,hypoxanthine,ECMDB00157,Hypoxanthine,C00262,HMDB00157,17368.0,790.0,FDGQSTZJBFJUBT-UHFFFAOYSA-N,C5H4N4O,136.03851077,True,ECMDB-supported,exact normalised name,True
FT05871,C03765,4-Hydroxyphenylacetaldehyde,C16H17O4,2M+H,273.11213499396,1.0,-8.836489004871188,0.0096604888212848,0.0096604888212848,4-hydroxyphenylacetaldehyde,ECMDB20093,4-Hydroxyphenylacetaldehyde,C03765,HMDB03767,15621.0,440113.0,IPRPPFIAVHPVJH-UHFFFAOYSA-N,C8H8O2,136.0524295,True,ECMDB-supported,exact normalised name,True
FT06206,C01279,4-Amino-5-hydroxymethyl-2-methylpyrimidine,C12H19N6O2,2M+H,279.15639984586,1.0,9.63460380090328,0.0075003285839195,0.0075003285839195,4-amino-5-hydroxymethyl-2-methylpyrimidine,ECMDB20086,4-Amino-5-hydroxymethyl-2-methylpyrimidine,C01279,,16892.0,777.0,VUTBELPREDJDDH-UHFFFAOYSA-N,C6H9N3O,139.074561925,True,ECMDB-supported,exact normalised name,False
FT06206,C01929,L-Histidinal,C12H19N6O2,2M+H,279.15639984586,1.0,9.63460380090328,0.0075003285839195,0.0075003285839195,l-histidinal,ECMDB21549,L-Histidinal,C01929,,,25244065.0,VYOIELONWKIZJS-UHFFFAOYSA-O,C6H10N3O,140.082386957,True,ECMDB-supported,exact normalised name,True
FT06861,C00523,Androsterone,C19H31O2,M+H,291.23185620604,1.0,-8.309459591737216,0.026135231230861,0.026135231230861,androsterone,ECMDB24015,Androsterone,,,,,QGXBDMJGAMFCBF-XYQQMQERSA-N,C19H30O2,290.224580204,True,ECMDB-supported,exact normalised name,False
FT06962,C03114,Dimethylbenzimidazole,C18H21N4,2M+H,293.17607266232,1.0,-4.764893039577398,0.013344036217158,0.013344036217158,dimethylbenzimidazole,ECMDB03701,Dimethylbenzimidazole,C03114,HMDB03701,15890.0,675.0,LJUQGASMPRMWIW-UHFFFAOYSA-N,C9H10N2,146.08439833,True,ECMDB-supported,exact normalised name,True
FT06968,C00047,L-Lysine,C12H29N4O4,2M+H,293.21833139844,1.0,-0.456644887712114,0.0683264426086868,0.0683264426086869,l-lysine,ECMDB00182,L-Lysine,C00047,HMDB00182,18019.0,5962.0,KDXKERNSBIXSRK-YFKPBYRVSA-N,C6H14N2O2,146.105527702,True,ECMDB-supported,exact normalised name,True
FT07169,C00522,(R)-Pantoate,C12H25O8,2M+H,297.15439373008,1.0,15.227120696960249,0.0176971659289071,0.0176971659289071,(r)-pantoate,ECMDB20016,(R)-Pantoate,C00522,,14737.0,5289105.0,OTOIIPJYVQJATP-UHFFFAOYSA-M,C6H11O4,147.066282414,True,ECMDB-supported,exact normalised name,True
FT07203,C00170,5'-Methylthioadenosine,C11H16N5O3S,M+H,298.09683653871,1.0,14.918494878033249,0.0197790347139423,0.0197790347139423,5'-methylthioadenosine,ECMDB01173,5'-Methylthioadenosine,C00170,HMDB01173,17509.0,149.0,WUUGFSXJNOTRMR-IOSLPCCCSA-N,C11H15N5O3S,297.089560061,True,ECMDB-supported,exact normalised name,True
FT07269,C20931,4-Amino-4-deoxy-L-arabinose,C10H23N2O8,2M+H,299.14489167448,1.0,-27.47124260749937,0.0005315228350407,0.0005315228350407,4-amino-4-deoxy-l-arabinose,ECMDB21497,4-Amino-4-deoxy-L-arabinose,C16153,,,17756769.0,GWBAKYBSWHQNMQ-IAZOVDBXSA-N,C14H23N3O15P2,535.060440105,True,ECMDB-supported,exact normalised name,False
FT07376,C00831,Pantetheine,C11H22N2NaO4S,M+Na,301.1192463706,1.0,-3.533191846170629,0.0555992562879334,0.1545487949106096,pantetheine,ECMDB03426,Pantetheine,C00831,HMDB03426,16753.0,479.0,ZNXZGRMVNNHPCA-UHFFFAOYSA-N,C11H22N2O4S,278.130027892,True,ECMDB-supported,exact normalised name,True
FT07376,C00181,D-Xylose,C10H21O10,2M+H,301.1129228403,1.0,17.467261731702344,0.0041250876456409,0.0003282821720533,d-xylose,ECMDB00098,D-Xylose,C00181,HMDB00098,15936.0,135191.0,SRBFZHDQGSBBOR-IOVATXLUSA-N,C5H10O5,150.05282343,True,ECMDB-supported,exact normalised name,True
FT07376,C16639,beta-D-Ribofuranose,C10H21O10,2M+H,301.1129228403,1.0,17.467261731702344,0.0041250876456409,0.0003282821720533,beta-d-ribofuranose,ECMDB20343,beta-D-ribofuranose,C16639,,47002.0,447347.0,HMFHBZSHGGEWLO-TXICZTDVSA-N,C5H10O5,150.05282343,True,ECMDB-supported,exact normalised name,True
FT07376,C08353,beta-D-Ribopyranose,C10H21O10,2M+H,301.1129228403,1.0,17.467261731702344,0.0041250876456409,0.0003282821720533,beta-d-ribopyranose,ECMDB20344,beta-D-Ribopyranose,C08353,HMDB12194,27476.0,441481.0,SRBFZHDQGSBBOR-TXICZTDVSA-N,C5H10O5,150.05282343,True,ECMDB-supported,exact normalised name,True
FT07376,C00216,D-Arabinose,C10H21O10,2M+H,301.1129228403,1.0,17.467261731702344,0.0041250876456409,0.0003282821720533,d-arabinose,ECMDB23727,D-Arabinose,C00216,,46983.0,66308.0,PYMYPHUHKUWMLA-WDCZJNDASA-N,C5H10O5,150.05282343,True,ECMDB-supported,exact normalised name,True
FT07376,C00259,L-Arabinose,C10H21O10,2M+H,301.1129228403,1.0,17.467261731702344,0.0041250876456409,0.0003282821720533,l-arabinose,ECMDB00646,L-Arabinose,C00259,HMDB00646,17535.0,439195.0,PYMYPHUHKUWMLA-VAYJURFESA-N,C5H10O5,150.05282343,True,ECMDB-supported,exact normalised name,True
FT07376,C00309,D-Ribulose,C10H21O10,2M+H,301.1129228403,1.0,17.467261731702344,0.0041250876456409,0.0003282821720533,d-ribulose,ECMDB00621,D-Ribulose,C00309,HMDB00621,,439203.0,ZAQJHHRNXZUBTE-NQXXGFSBSA-N,C5H10O5,150.05282343,True,ECMDB-supported,exact normalised name,True
FT07376,C00310,D-Xylulose,C10H21O10,2M+H,301.1129228403,1.0,17.467261731702344,0.0041250876456409,0.0003282821720533,d-xylulose,ECMDB00654,D-Xylulose,C00310,HMDB01644,17140.0,619.0,ZAQJHHRNXZUBTE-WUJLRWPWSA-N,C5H10O5,150.05282343,True,ECMDB-supported,exact normalised name,True
FT07376,C00476,D-Lyxose,C10H21O10,2M+H,301.1129228403,1.0,17.467261731702344,0.0041250876456409,0.0003282821720533,d-lyxose,ECMDB04096,D-Lyxose,C00476,HMDB03402,16789.0,439240.0,SRBFZHDQGSBBOR-AGQMPKSLSA-N,C5H10O5,150.05282343,True,ECMDB-supported,exact normalised name,True
FT07376,C01508,L-Lyxose,C10H21O10,2M+H,301.1129228403,1.0,17.467261731702344,0.0041250876456409,0.0003282821720533,l-lyxose,ECMDB04097,L-Lyxose,C01508,HMDB03402,,,AEMOLEFTQBMNLQ-DTEWXJGMSA-N,C6H10O7,194.042652674,True,ECMDB-supported,exact normalised name,False
FT07376,C00508,L-Ribulose,C10H21O10,2M+H,301.1129228403,1.0,17.467261731702344,0.0041250876456409,0.0003282821720533,l-ribulose,ECMDB04149,L-Ribulose,C00508,HMDB03371,16880.0,619.0,LQXVFWRQNMEDEE-OVEKKEMJSA-N,C5H10O5,150.05282343,True,ECMDB-supported,exact normalised name,True
FT07377,C00831,Pantetheine,C11H22N2NaO4S,M+Na,301.1192463706,1.0,15.208259329726824,0.0454286758648354,0.0454286758648354,pantetheine,ECMDB03426,Pantetheine,C00831,HMDB03426,16753.0,479.0,ZNXZGRMVNNHPCA-UHFFFAOYSA-N,C11H22N2O4S,278.130027892,True,ECMDB-supported,exact normalised name,True
FT07392,C05299,2-Methoxyestrone,C19H25O3,M+H,301.17982063223,1.0,-7.929776237937495,0.018625617896245,0.018625617896245,2-methoxyestrone,ECMDB24008,2-Methoxyestrone,,,,,WHEUWNKSCXYKBU-QPWUGHHJSA-N,C19H24O3,300.172544634,True,ECMDB-supported,exact normalised name,False
FT10828,C06420,D-Tyrosine,C18H23N2O6,2M+H,363.15506243534,1.0,-19.70863914987907,0.0026112653191143,0.0026112653191143,d-tyrosine,ECMDB21520,D-Tyrosine,C06420,HMDB00158,28479.0,71098.0,OUYCCCASQSFEME-MRVPVSSYSA-N,C9H11NO3,181.073893223,True,ECMDB-supported,exact normalised name,False
FT10828,C00082,L-Tyrosine,C18H23N2O6,2M+H,363.15506243534,1.0,-19.70863914987907,0.0026112653191143,0.0026112653191143,l-tyrosine,ECMDB00158,L-Tyrosine,C00082,HMDB00158,17895.0,6057.0,OUYCCCASQSFEME-QMMMGPOBSA-N,C9H11NO3,181.073893223,True,ECMDB-supported,exact normalised name,True
FT07582,C05842,N1-Methyl-2-pyridone-5-carboxamide,C14H17N4O4,2M+H,305.12443101168,1.0,22.594188276395712,0.0009440107120553,0.0009440107120553,n1-methyl-2-pyridone-5-carboxamide,ECMDB24086,N1-Methyl-2-pyridone-5-carboxamide,,,,,JLQSXXWTCJPCBC-UHFFFAOYSA-N,C7H8N2O2,152.05857751,True,ECMDB-supported,exact normalised name,False
FT07922,C00135,L-Histidine,C12H19N6O4,2M+H,311.146229085,1.0,-11.95912712149867,0.0670650709587885,0.0670650709587885,l-histidine,ECMDB00177,L-Histidine,C00135,HMDB00177,15971.0,6274.0,HNDVDQJCIGZPNO-YFKPBYRVSA-N,C6H9N3O2,155.069476547,True,ECMDB-supported,exact normalised name,True
FT08619,C00055,CMP,C9H15N3O8P,M+H,324.05912741949,1.0,-0.2016192493311385,0.2106672770934547,0.2106672770934547,cmp,ECMDB23225,CMP,C19010,HMDB00095,17361.0,6131.0,GGNLTHFTYNDYNK-UHFFFAOYSA-N,C11H15Cl2O2PS3,375.93488372,True,ECMDB-supported,exact normalised name,False
FT08619,C05822,3'-CMP,C9H15N3O8P,M+H,324.05912741949,1.0,-0.2016192493311385,0.2106672770934547,0.2106672770934547,3'-cmp,ECMDB20079,3'-CMP,C05822,,17361.0,66535.0,IERHLVCPSMICTF-UHFFFAOYSA-N,C9H14N3O8P,323.051850951,True,ECMDB-supported,exact normalised name,True
FT08667,C01168,Pseudouridine 5'-phosphate,C9H14N2O9P,M+H,325.04314300240003,1.0,-0.0102305620781565,0.1290925751564148,0.1290925751564148,pseudouridine 5'-phosphate,ECMDB01271,Pseudouridine 5'-phosphate,C01168,HMDB01271,18116.0,,MOBMOJGXNHLLIR-GBNDHIKLSA-N,C9H13N2O9P,324.035866536,True,ECMDB-supported,exact normalised name,True
FT08667,C01368,3'-UMP,C9H14N2O9P,M+H,325.04314300240003,1.0,-0.0102305620781565,0.1290925751564148,0.1290925751564148,3'-ump,ECMDB20081,3'-UMP,C01368,,28895.0,101543.0,FOGRQMPFHUHIGU-XVFCMESISA-N,C9H13N2O9P,324.035866536,True,ECMDB-supported,exact normalised name,True
FT11177,C01367,3'-AMP,C10H14N5NaO7P,M+Na,370.05230280878,1.0,0.143703705183783,0.1530766923568596,0.1530766923568596,3'-amp,ECMDB03540,3'-AMP,C01367,HMDB03540,28931.0,41211.0,LNQVTSROQXJCDD-KQYNXXCUSA-N,C10H14N5O7P,347.063084339,True,ECMDB-supported,exact normalised name,False
FT08893,C02355,"2',3'-Cyclic UMP",C9H11N2NaO8P,M+Na,329.01452031837,1.0,-28.42575232839512,0.005561625108789,0.005561625108789,"2',3'-cyclic ump",ECMDB20062,"2',3'-Cyclic UMP",C02355,,,193315.0,HWDMHJDYMFRXOX-XVFCMESISA-N,C9H11N2O8P,306.02530185,True,ECMDB-supported,exact normalised name,True
FT08903,C16519,2-Succinyl-5-enolpyruvyl-6-hydroxy-3-cyclohexene-1-carboxylate,C14H17O9,M+H,329.08670809181,1.0,-18.434661898565945,0.005946298936458,0.005946298936458,2-succinyl-5-enolpyruvyl-6-hydroxy-3-cyclohexene-1-carboxylate,ECMDB20050,2-Succinyl-5-enolpyruvyl-6-hydroxy-3-cyclohexene-1-carboxylate,C16519,,,24883454.0,XYCATPIYKOARSZ-OAIFWDMCSA-N,C14H16O9,328.07943211,True,ECMDB-supported,exact normalised name,True
FT08960,C00051,Glutathione,C10H17N3NaO6S,M+Na,330.07302445302,1.0,-0.105887598793108,0.2477168020481094,0.2477168020481094,glutathione,ECMDB00125,Glutathione,C00051,HMDB00125,16856.0,124886.0,RWSXRVCMGQZWBV-WDSKDSINSA-N,C10H17N3O6S,307.083805981,True,ECMDB-supported,exact normalised name,True
FT09013,C20423,alpha-D-Ribose 1-methylphosphonate 5-phosphate,C6H14NaO10P2,M+Na,330.99543864376,1.0,20.335959548474317,0.009683616995095,0.009683616995095,alpha-d-ribose 1-methylphosphonate 5-phosphate,ECMDB23846,alpha-D-Ribose 1-methylphosphonate 5-phosphate,C20423,,,,RITBIFGLPRFTSB-KVTDHHQDSA-N,C6H14O10P2,308.006220647,True,ECMDB-supported,exact normalised name,False
FT09014,C00365,dUMP,C9H13N2NaO8P,M+Na,331.03017038283,1.0,-24.216105673311542,0.0016415765159867,0.0016415765159867,dump,ECMDB01409,dUMP,C00365,HMDB01409,17622.0,65063.0,JSRLJPSBLDHEIO-SHYZEUOFSA-N,C9H13N2O8P,308.040951914,True,ECMDB-supported,exact normalised name,True
FT09156,C00004,NADH,C21H31N7O14P2,M+2H,333.56966231825,2.0,-15.864552427270745,0.1713201701091624,0.1713201701091624,nadh,ECMDB01487,NADH,C00004,HMDB01487,16908.0,928.0,BOPGDPNILDQYTO-NNYOXOHSSA-N,C21H29N7O14P2,665.124771695,True,ECMDB-supported,exact normalised name,True
FT09156,C04423,Nicotinamide hypoxanthine dinucleotide,C21H29N6O15P2,M+2H,333.55775759359,2.0,19.825026141490724,0.0487697721913085,0.0487697721913085,nicotinamide hypoxanthine dinucleotide,ECMDB21410,Nicotinamide hypoxanthine dinucleotide,C04423,,,440334.0,DGVSIBCCYUVRNA-UHFFFAOYSA-O,C21H27N6O15P2,665.100962248,True,ECMDB-supported,exact normalised name,False
FT09182,C00182,Glycogen,C24H44O21,M+2H,334.11820518231497,2.0,18.47281790181855,0.0046502765127422,0.0046502765127422,glycogen,ECMDB21341,Glycogen,C00182,HMDB00757,28087.0,439177.0,BYSGBSNPRWKUQH-UJDJLXLFSA-N,C24H42O21,666.221858406,True,ECMDB-supported,exact normalised name,False
FT09182,C02052,Maltotetraose,C24H44O21,M+2H,334.11820518231497,2.0,18.47281790181855,0.0046502765127422,0.0046502765127422,maltotetraose,ECMDB01296,Maltotetraose,C02052,HMDB01296,,439639.0,LUEWUZLMQUOBSB-AYQJAVFRSA-N,C24H42O21,666.221858406,True,ECMDB-supported,exact normalised name,False
FT09798,C02979,Glycerol 2-phosphate,C6H19O12P2,2M+H,345.03462601182,1.0,23.44988974444564,0.0045728095647473,0.0045728095647473,glycerol 2-phosphate,ECMDB21222,Glycerol 2-phosphate,C02979,HMDB02520,17270.0,2526.0,DHCLVCXQIBBOPH-UHFFFAOYSA-N,C3H9O6P,172.013674532,True,ECMDB-supported,exact normalised name,False
FT10562,C01031,S-Formylglutathione,C11H17N3NaO7S,M+Na,358.06793907259,1.0,8.225731819565308,0.1112544679495873,0.1112544679495873,s-formylglutathione,ECMDB01550,S-Formylglutathione,C01031,HMDB01550,16225.0,488.0,FHXAGOICBFGEBF-BQBZGAKWSA-N,C11H17N3O7S,335.078720603,True,ECMDB-supported,exact normalised name,True
FT10618,C01134,Pantetheine 4'-phosphate,C11H24N2O7PS,M+H,359.10363525996,1.0,24.144636897608752,0.0001773562595122,0.0001773562595122,pantetheine 4'-phosphate,ECMDB01416,Pantetheine 4'-phosphate,C01134,HMDB01416,16858.0,987.0,JDMUPRLRUUMCTL-VIFPVBQESA-N,C11H23N2O7PS,358.096358302,True,ECMDB-supported,exact normalised name,True
FT10678,C14180,S-(Hydroxymethyl)glutathione,C11H19N3NaO7S,M+Na,360.08358913705,1.0,7.919852676045973,0.2487884362276175,0.2487884362276175,s-(hydroxymethyl)glutathione,ECMDB04662,S-(Hydroxymethyl)glutathione,C14180,HMDB04662,,447123.0,PIUSLWSYOYFRFR-BQBZGAKWSA-N,C11H19N3O7S,337.094370667,True,ECMDB-supported,exact normalised name,True
FT11154,C05956,Prostaglandin G2,C20H33O6,M+H,369.22716474878,1.0,11.233404150498188,0.018024730504142,0.018024730504142,prostaglandin g2,ECMDB24081,Prostaglandin G2,,,,,SGUKUZOVHSFKPH-YNNPMVKQSA-N,C20H32O6,368.219888756,True,ECMDB-supported,exact normalised name,False
FT11531,C11514,(E)-3-(Methoxycarbonyl)pent-2-enedioate,C14H17O12,2M+H,377.07145195052,1.0,-15.569475699367644,0.026330004052371,0.026330004052371,(e)-3-(methoxycarbonyl)pent-2-enedioate,ECMDB23032,(E)-3-(Methoxycarbonyl)pent-2-enedioate,C11514,,15663.0,,BRYKYSQCLNCYQW-DUXPYHPUSA-N,C7H8O6,188.032087988,True,ECMDB-supported,exact normalised name,False
FT11656,C14802,"1-Nitronaphthalene-7,8-oxide",C20H15N2O6,2M+H,379.0924621775,1.0,-22.468011983242278,0.0012662787476128,0.0012662787476128,"1-nitronaphthalene-7,8-oxide",ECMDB20029,"1-Nitronaphthalene-7,8-oxide",C14802,,,11954053.0,JBECFHRNFSQXPM-UHFFFAOYSA-N,C10H7NO3,189.042593095,True,ECMDB-supported,exact normalised name,True
FT11656,C14800,"1-Nitronaphthalene-5,6-oxide",C20H15N2O6,2M+H,379.0924621775,1.0,-22.468011983242278,0.0012662787476128,0.0012662787476128,"1-nitronaphthalene-5,6-oxide",ECMDB20028,"1-Nitronaphthalene-5,6-oxide",C14800,,,11954051.0,GSAMVXYBVGOJMK-UHFFFAOYSA-N,C10H7NO3,189.042593095,True,ECMDB-supported,exact normalised name,True
FT12398,C04483,Deoxycholic acid,C24H41O4,M+H,393.29993576748,1.0,-24.41341421854812,0.0102348749909324,0.0102348749909324,deoxycholic acid,ECMDB21387,Deoxycholic acid,C04483,HMDB00626,23614.0,440355.0,KXGVEGMKQFWNSR-LLQZFEROSA-N,C24H40O4,392.292659768,True,ECMDB-supported,exact normalised name,False
FT12673,C00255,Riboflavin,C17H20N4NaO6,M+Na,399.12750237974,1.0,-0.4180911413204682,0.0655343904034249,0.0655343904034248,riboflavin,ECMDB00244,Riboflavin,C00255,HMDB00244,17015.0,6759.0,AUNGANRZJHBGPY-SCRDCRAPSA-N,C17H20N4O6,376.138284392,True,ECMDB-supported,exact normalised name,True
FT12673,C04425,S-Adenosyl-4-methylthio-2-oxobutanoate,C15H21N5O6S,M+H,399.12070555857,1.0,16.611389498725227,0.0056482416585119,0.0056482416585119,s-adenosyl-4-methylthio-2-oxobutanoate,ECMDB21282,S-Adenosyl-4-methylthio-2-oxobutanoate,C04425,,8944.0,440336.0,UOKVQQMBGVMXPU-CJPDYEHRSA-O,C15H20N5O6S,398.113429087,True,ECMDB-supported,exact normalised name,False
FT13961,C00008,ADP,C10H16N5O10P2,M+H,428.03669169814,1.0,0.5413996193646766,0.2412157510612773,0.2412157510612773,adp,ECMDB01341,ADP,C00008,HMDB01341,32889.0,6022.0,XTWYTFMLZFPYCI-KQYNXXCUSA-N,C10H15N5O10P2,427.029414749,True,ECMDB-supported,exact normalised name,True
FT13961,C00361,dGDP,C10H16N5O10P2,M+H,428.03669169814,1.0,0.5413996193646766,0.2412157510612773,0.2412157510612773,dgdp,ECMDB00960,dGDP,C00361,HMDB00960,,,CIKGWCTVFSRMJU-KVQBGUIXSA-N,C10H15N5O10P2,427.029414749,True,ECMDB-supported,exact normalised name,True
FT14658,C02291,L-Cystathionine,C14H29N4O8S2,2M+H,445.14213222552,1.0,-23.123240086285996,0.0010561653303128,0.0010561653303128,l-cystathionine,ECMDB00099,L-Cystathionine,C02291,HMDB00099,17482.0,439258.0,ILRYLPWNYFXEMH-WHFBIAKZSA-N,C7H14N2O4S,222.067427636,True,ECMDB-supported,exact normalised name,True
FT14658,C00542,Cystathionine,C14H29N4O8S2,2M+H,445.14213222552,1.0,-23.123240086285996,0.0010561653303128,0.0010561653303128,cystathionine,ECMDB21649,Cystathionine,C00542,HMDB00455,17755.0,834.0,ILRYLPWNYFXEMH-UHFFFAOYSA-N,C7H14N2O4S,222.067427636,True,ECMDB-supported,exact normalised name,True
FT15058,C00881,Deoxycytidine,C18H27N6O8,2M+H,455.18848782112,1.0,-11.533622631956504,0.0677485342591926,0.0677485342591927,deoxycytidine,ECMDB00014,Deoxycytidine,C00881,HMDB00014,,13711.0,CKTSBUTUHBMZGZ-SHYZEUOFSA-N,C9H13N3O4,227.090605919,True,ECMDB-supported,exact normalised name,True
FT18164,C19769,"1,6-Anhydro-N-acetyl-beta-muramate",C22H35N2O14,2M+H,551.2082797786601,1.0,26.24068288442397,0.0001857544120334,0.0001857544120334,"1,6-anhydro-n-acetyl-beta-muramate",ECMDB23220,"1,6-Anhydro-N-acetyl-beta-muramate",C19769,,,,ZFEGYUMHFZOYIY-YVNCZSHWSA-N,C11H17NO7,275.100501903,True,ECMDB-supported,exact normalised name,True
