feature_id,n_candidates,n_ecmdb_candidates,ecmdb_supported
FT00004,4,0,False
FT00048,1,0,False
FT00050,1,0,False
FT00061,2,0,False
FT00067,1,0,False
FT00096,1,0,False
FT00106,8,1,True
FT00118,2,0,False
FT00126,5,0,False
FT00128,3,0,False
FT00136,1,0,False
FT00137,1,0,False
FT00154,1,0,False
FT00155,10,0,False
FT00179,2,0,False
FT00187,2,0,False
FT00192,2,0,False
FT00209,7,1,True
FT00210,13,2,True
FT00212,13,2,True
FT00214,2,0,False
FT00221,30,2,True
FT00234,3,0,False
FT00235,61,2,True
FT00238,3,0,False
FT00247,3,0,False
FT00248,10,0,False
FT00265,4,0,False
FT00271,1,0,False
FT00272,1,0,False
FT00274,8,1,True
FT00295,1,0,False
FT00297,1,0,False
FT00303,1,0,False
FT00306,5,0,False
FT00313,1,0,False
FT00325,1,0,False
FT00326,2,0,False
FT00327,1,0,False
FT00329,7,0,False
FT00335,9,0,False
FT00341,3,0,False
FT00355,6,0,False
FT00365,4,0,False
FT00366,4,0,False
FT00381,5,0,False
FT00384,11,1,True
FT00388,63,0,False
FT00397,12,3,True
FT00407,2,0,False
FT00411,15,1,True
FT00413,41,0,False
FT00421,5,0,False
FT00434,2,0,False
FT00439,6,0,False
FT00445,2,0,False
FT00452,8,0,False
FT00457,6,1,True
FT00462,1,0,False
FT00466,4,0,False
FT00495,2,0,False
FT00497,2,0,False
FT00498,2,0,False
FT00501,10,1,True
FT00503,10,0,False
FT00521,10,0,False
FT00532,1,0,False
FT00559,7,0,False
FT00562,12,1,True
FT00570,9,0,False
FT00580,3,0,False
FT00585,35,2,True
FT00603,47,0,False
FT00606,3,0,False
FT00607,6,0,False
FT00613,30,0,False
FT00619,14,0,False
FT00622,3,0,False
FT00636,24,0,False
FT00649,2,0,False
FT00664,4,1,True
FT00690,6,0,False
FT00693,17,4,True
FT00700,5,0,False
FT00703,2,0,False
FT00708,36,0,False
FT00714,129,0,False
FT00722,2,0,False
FT00723,5,0,False
FT00727,17,0,False
FT00743,11,2,True
FT00744,22,0,False
FT00764,109,0,False
FT00770,31,0,False
FT00771,28,1,True
FT00779,13,0,False
FT00784,8,0,False
FT00787,3,0,False
FT00797,1,0,False
FT00821,61,0,False
FT00837,2,0,False
FT00844,25,1,True
FT00857,36,0,False
FT00905,42,0,False
FT00918,17,0,False
FT00923,44,0,False
FT00934,28,2,True
FT00948,5,0,False
FT00965,1,0,False
FT00972,10,0,False
FT00974,10,0,False
FT00977,11,1,True
FT00980,41,1,True
FT01034,42,1,True
FT01046,33,1,True
FT01068,23,1,True
FT01078,18,0,False
FT01081,68,0,False
FT01091,74,3,True
FT01101,11,3,True
FT01110,41,1,True
FT01112,28,0,False
FT01119,13,0,False
FT01136,1,0,False
FT01142,12,1,True
FT01145,44,3,True
FT01154,37,0,False
FT01180,1,0,False
FT01189,12,2,True
FT01206,2,0,False
FT01211,2,0,False
FT01235,6,0,False
FT01239,16,0,False
FT01248,14,1,True
FT01252,52,0,False
FT01253,3,0,False
FT01254,1,0,False
FT01284,29,0,False
FT01386,33,1,True
FT01389,55,1,True
FT01408,39,1,True
FT01414,44,0,False
FT01430,76,5,True
FT01432,53,2,True
FT01451,13,1,True
FT01499,1,0,False
FT01532,65,0,False
FT01547,3,0,False
FT01555,1,0,False
FT01564,20,1,True
FT01582,3,0,False
FT01586,1,0,False
FT01590,11,1,True
FT01611,29,1,True
FT01644,1,0,False
FT01655,16,0,False
FT01659,49,1,True
FT01660,20,0,False
FT01682,54,1,True
FT01701,10,0,False
FT01704,19,0,False
FT01712,46,4,True
FT01732,30,0,False
FT01737,15,0,False
FT01754,9,1,True
FT01759,58,1,True
FT01767,59,0,False
FT01776,44,0,False
FT01781,13,0,False
FT01794,1,0,False
FT01808,32,0,False
FT01817,1,0,False
FT01832,86,0,False
FT01850,34,0,False
FT01890,52,1,True
FT01910,19,0,False
FT01922,14,0,False
FT01926,3,0,False
FT01959,10,0,False
FT01962,1,0,False
FT01975,17,2,True
FT01996,3,2,True
FT02040,28,1,True
FT02068,36,0,False
FT02073,2,0,False
FT02077,3,0,False
FT02090,11,0,False
FT02096,24,0,False
FT02114,6,1,True
FT02116,23,3,True
FT02125,13,0,False
FT02126,15,0,False
FT02129,11,0,False
FT02158,28,0,False
FT02172,9,2,True
FT02185,88,0,False
FT02197,22,0,False
FT02226,31,0,False
FT02261,27,1,True
FT02264,24,0,False
FT02283,24,0,False
FT02310,6,0,False
FT02319,9,0,False
FT02327,42,0,False
FT02357,10,0,False
FT02361,28,1,True
FT02377,9,0,False
FT02379,3,0,False
FT02399,17,1,True
FT02426,2,0,False
FT02436,16,1,True
FT02440,32,0,False
FT02457,2,0,False
FT02464,1,0,False
FT02466,3,0,False
FT02476,63,0,False
FT02486,35,3,True
FT02503,7,1,True
FT02504,24,3,True
FT02515,9,0,False
FT02530,2,0,False
FT02545,74,0,False
FT02553,29,0,False
FT02578,9,1,True
FT02600,7,0,False
FT02615,15,1,True
FT02617,12,0,False
FT02648,27,0,False
FT02713,4,0,False
FT02725,9,0,False
FT02745,9,2,True
FT02760,89,3,True
FT02797,34,2,True
FT02798,34,2,True
FT02807,31,0,False
FT02834,34,0,False
FT02842,68,0,False
FT02847,17,0,False
FT02873,23,1,True
FT02882,33,1,True
FT02923,20,4,True
FT02934,33,0,False
FT02949,1,0,False
FT02968,8,0,False
FT02969,8,0,False
FT02970,10,1,True
FT02980,23,0,False
FT02984,22,0,False
FT03024,53,0,False
FT03029,80,0,False
FT03030,84,0,False
FT03031,28,0,False
FT03041,29,1,True
FT03051,4,0,False
FT03071,37,1,True
FT03096,1,0,False
FT03098,12,0,False
FT03116,25,9,True
FT03123,28,0,False
FT03144,6,0,False
FT03153,18,1,True
FT03162,21,0,False
FT03174,3,0,False
FT03220,2,0,False
FT03230,14,0,False
FT03248,10,0,False
FT03276,96,1,True
FT03300,2,0,False
FT03327,22,0,False
FT03381,4,0,False
FT03412,3,0,False
FT03424,29,1,True
FT03427,57,2,True
FT03430,43,2,True
FT03438,54,0,False
FT03467,3,0,False
FT03517,2,0,False
FT03521,18,1,True
FT03534,44,0,False
FT03592,41,0,False
FT03610,2,0,False
FT03628,17,0,False
FT03650,65,1,True
FT03715,1,0,False
FT03724,3,0,False
FT03729,38,0,False
FT03737,33,0,False
FT03762,3,0,False
FT03776,13,0,False
FT03779,23,0,False
FT03787,9,0,False
FT03793,3,0,False
FT03799,2,0,False
FT03813,1,0,False
FT03824,46,0,False
FT03832,62,1,True
FT03842,62,0,False
FT03852,136,2,True
FT03882,5,0,False
FT03898,40,0,False
FT03906,4,0,False
FT03928,30,0,False
FT03931,37,1,True
FT03934,70,0,False
FT03941,56,0,False
FT03946,12,0,False
FT04023,26,0,False
FT04031,20,0,False
FT04039,36,0,False
FT04042,110,0,False
FT04078,10,0,False
FT04097,56,2,True
FT04098,46,1,True
FT04102,36,1,True
FT04107,37,0,False
FT04121,3,0,False
FT04123,3,0,False
FT04149,16,0,False
FT04168,1,0,False
FT04212,47,0,False
FT04289,1,0,False
FT04290,1,0,False
FT04310,8,0,False
FT04317,95,2,True
FT04344,1,0,False
FT04373,18,0,False
FT04405,1,0,False
FT04416,9,0,False
FT04431,8,0,False
FT04432,8,0,False
FT04452,22,0,False
FT04456,4,0,False
FT04462,3,0,False
FT04493,15,0,False
FT04538,25,4,True
FT04547,103,0,False
FT04568,16,0,False
FT04579,4,0,False
FT04599,9,0,False
FT04607,16,2,True
FT04610,14,1,True
FT04615,20,0,False
FT04628,20,0,False
FT04630,12,0,False
FT04638,4,0,False
FT04639,5,0,False
FT04663,19,1,True
FT04718,6,1,True
FT04726,14,0,False
FT04728,18,0,False
FT04750,11,0,False
FT04767,1,0,False
FT04779,46,0,False
FT04781,63,4,True
FT04786,94,0,False
FT04797,8,0,False
FT04805,7,0,False
FT04835,30,0,False
FT04855,3,0,False
FT04884,44,1,True
FT04891,35,0,False
FT04894,45,0,False
FT04943,22,0,False
FT04947,4,0,False
FT04950,2,0,False
FT04952,1,0,False
FT04961,4,0,False
FT04984,42,0,False
FT04994,40,0,False
FT04999,139,0,False
FT05003,20,0,False
FT05017,4,0,False
FT05022,3,0,False
FT05051,16,0,False
FT05052,16,0,False
FT05053,25,0,False
FT05075,6,0,False
FT05096,69,0,False
FT05142,2,0,False
FT05149,5,0,False
FT05153,18,0,False
FT05165,15,0,False
FT05166,17,0,False
FT05225,63,0,False
FT05268,13,0,False
FT05279,31,0,False
FT05284,22,0,False
FT05286,1,0,False
FT05326,124,3,True
FT05333,43,0,False
FT05336,32,0,False
FT05339,36,2,True
FT05341,4,0,False
FT05367,16,0,False
FT05374,14,0,False
FT05383,17,0,False
FT05397,4,0,False
FT05419,12,1,True
FT05429,43,5,True
FT05430,40,4,True
FT05435,66,0,False
FT05437,38,1,True
FT05464,6,0,False
FT05490,19,2,True
FT05493,16,0,False
FT05524,1,0,False
FT05535,2,0,False
FT05551,29,2,True
FT05565,35,0,False
FT05569,169,0,False
FT05571,167,0,False
FT05573,18,0,False
FT05582,2,0,False
FT05595,4,0,False
FT05601,12,0,False
FT05605,23,0,False
FT05606,23,0,False
FT05619,24,0,False
FT05621,24,0,False
FT05623,5,0,False
FT05626,7,0,False
FT05627,4,0,False
FT05628,1,0,False
FT05648,21,1,True
FT05651,9,0,False
FT05660,76,2,True
FT05694,13,0,False
FT05743,50,0,False
FT05748,22,0,False
FT05768,43,0,False
FT05774,1,0,False
FT05801,3,1,True
FT05810,30,0,False
FT05818,19,0,False
FT05823,8,0,False
FT05829,1,0,False
FT05830,1,0,False
FT05834,8,1,True
FT05863,82,0,False
FT05865,26,1,True
FT05869,21,0,False
FT05871,73,1,True
FT05876,50,0,False
FT05878,31,0,False
FT05883,214,0,False
FT05894,22,0,False
FT05950,3,0,False
FT05969,5,0,False
FT05972,109,0,False
FT06000,6,0,False
FT06001,1,0,False
FT06028,24,0,False
FT06045,3,0,False
FT06046,1,0,False
FT06092,92,0,False
FT06106,18,0,False
FT06159,6,0,False
FT06166,1,0,False
FT06189,56,0,False
FT06203,16,0,False
FT06206,69,2,True
FT06250,19,0,False
FT06267,42,0,False
FT06319,46,0,False
FT06335,9,0,False
FT06337,2,0,False
FT06358,28,0,False
FT06372,13,0,False
FT06378,6,0,False
FT06400,7,0,False
FT06407,34,0,False
FT06410,35,0,False
FT06417,8,0,False
FT06421,74,0,False
FT06447,4,0,False
FT06467,15,0,False
FT06469,13,0,False
FT06482,11,0,False
FT06484,6,0,False
FT06493,3,0,False
FT06495,7,0,False
FT06509,1,0,False
FT06522,109,0,False
FT06526,13,0,False
FT06527,42,0,False
FT06531,30,0,False
FT06548,2,0,False
FT06553,4,0,False
FT06580,19,0,False
FT06628,2,0,False
FT06630,6,0,False
FT06644,152,0,False
FT06646,31,0,False
FT06695,31,0,False
FT06703,12,0,False
FT06749,68,0,False
FT06755,9,0,False
FT06763,148,0,False
FT06764,16,0,False
FT06829,4,0,False
FT06856,13,0,False
FT06861,31,1,True
FT06893,26,0,False
FT06914,1,0,False
FT06918,3,0,False
FT06939,4,0,False
FT06962,81,1,True
FT06968,37,1,True
FT07019,1,0,False
FT07063,74,0,False
FT07097,8,0,False
FT07125,3,0,False
FT07132,1,0,False
FT07152,6,0,False
FT07155,22,0,False
FT07169,22,1,True
FT07176,31,0,False
FT07185,1,0,False
FT07203,20,1,True
FT07226,1,0,False
FT07227,1,0,False
FT07256,25,0,False
FT07260,92,0,False
FT07266,54,0,False
FT07269,9,1,True
FT07295,2,0,False
FT07301,6,0,False
FT07323,8,0,False
FT07344,4,0,False
FT07345,2,0,False
FT07366,18,0,False
FT07370,76,0,False
FT07376,56,11,True
FT07377,23,1,True
FT07382,77,0,False
FT07392,48,1,True
FT07400,85,0,False
FT07482,3,0,False
FT07492,26,0,False
FT07535,14,0,False
FT07582,89,1,True
FT07602,72,0,False
FT07615,2,0,False
FT07638,15,0,False
FT07689,67,0,False
FT07747,26,0,False
FT07776,1,0,False
FT07779,2,0,False
FT07830,42,0,False
FT07891,3,0,False
FT07895,1,0,False
FT07912,49,0,False
FT07922,29,1,True
FT07926,33,0,False
FT07957,11,0,False
FT07988,1,0,False
FT07992,1,0,False
FT08013,11,0,False
FT08015,65,0,False
FT08020,86,0,False
FT08026,78,0,False
FT08050,1,0,False
FT08070,20,0,False
FT08075,14,0,False
FT08076,13,0,False
FT08104,2,0,False
FT08131,19,0,False
FT08156,40,0,False
FT08159,42,0,False
FT08160,44,0,False
FT08273,58,0,False
FT08274,58,0,False
FT08294,3,0,False
FT08310,24,0,False
FT08320,19,0,False
FT08354,1,0,False
FT08380,61,0,False
FT08394,2,0,False
FT08423,26,0,False
FT08464,34,0,False
FT08469,68,0,False
FT08475,32,0,False
FT08502,4,0,False
FT08503,4,0,False
FT08619,9,2,True
FT08646,14,0,False
FT08661,5,0,False
FT08667,15,2,True
FT08682,46,0,False
FT08693,65,0,False
FT08695,5,0,False
FT08740,5,0,False
FT08750,3,0,False
FT08751,1,0,False
FT08770,7,0,False
FT08772,22,0,False
FT08777,47,0,False
FT08805,4,0,False
FT08813,3,0,False
FT08832,9,0,False
FT08876,1,0,False
FT08893,3,1,True
FT08896,13,0,False
FT08897,13,0,False
FT08903,24,1,True
FT08927,33,0,False
FT08960,12,1,True
FT08988,1,0,False
FT09013,8,1,True
FT09014,10,1,True
FT09017,13,0,False
FT09051,4,0,False
FT09101,1,0,False
FT09120,15,0,False
FT09130,65,0,False
FT09133,64,0,False
FT09156,7,2,True
FT09159,1,0,False
FT09174,3,0,False
FT09182,35,2,True
FT09209,2,0,False
FT09261,4,0,False
FT09263,6,0,False
FT09324,1,0,False
FT09325,4,0,False
FT09352,41,0,False
FT09380,1,0,False
FT09419,15,0,False
FT09428,19,0,False
FT09458,6,0,False
FT09472,55,0,False
FT09474,37,0,False
FT09490,70,0,False
FT09495,26,0,False
FT09502,2,0,False
FT09534,3,0,False
FT09539,1,0,False
FT09582,48,0,False
FT09587,10,0,False
FT09590,27,0,False
FT09600,1,0,False
FT09638,8,0,False
FT09661,5,0,False
FT09669,50,0,False
FT09679,42,0,False
FT09709,2,0,False
FT09754,9,0,False
FT09765,1,0,False
FT09798,10,1,True
FT09805,34,0,False
FT09880,14,0,False
FT09881,20,0,False
FT09911,3,0,False
FT09912,2,0,False
FT09931,35,0,False
FT09939,34,0,False
FT09964,1,0,False
FT10007,1,0,False
FT10023,3,0,False
FT10064,2,0,False
FT10094,14,0,False
FT10115,3,0,False
FT10141,1,0,False
FT10156,48,0,False
FT10180,1,0,False
FT10238,3,0,False
FT10260,5,0,False
FT10261,9,0,False
FT10267,55,0,False
FT10287,50,0,False
FT10289,9,0,False
FT10290,8,0,False
FT10297,4,0,False
FT10300,1,0,False
FT10349,10,0,False
FT10350,4,0,False
FT10368,4,0,False
FT10376,4,0,False
FT10397,85,0,False
FT10410,1,0,False
FT10464,4,0,False
FT10465,3,0,False
FT10467,1,0,False
FT10476,4,0,False
FT10485,7,0,False
FT10542,2,0,False
FT10562,9,1,True
FT10593,1,0,False
FT10618,45,1,True
FT10653,2,0,False
FT10678,6,1,True
FT10726,5,0,False
FT10728,25,0,False
FT10738,16,0,False
FT10828,54,2,True
FT10833,57,0,False
FT10839,14,0,False
FT10889,10,0,False
FT10911,3,0,False
FT10945,35,0,False
FT10962,1,0,False
FT10990,15,0,False
FT11101,8,0,False
FT11144,25,0,False
FT11154,62,1,True
FT11177,9,1,True
FT11183,24,0,False
FT11201,3,0,False
FT11243,39,0,False
FT11251,4,0,False
FT11279,16,0,False
FT11299,4,0,False
FT11308,1,0,False
FT11311,2,0,False
FT11513,1,0,False
FT11531,19,1,True
FT11536,39,0,False
FT11548,38,0,False
FT11566,2,0,False
FT11621,6,0,False
FT11656,43,2,True
FT11728,20,0,False
FT11777,69,0,False
FT11810,3,0,False
FT11897,1,0,False
FT11902,1,0,False
FT11920,17,0,False
FT11929,13,0,False
FT11941,3,0,False
FT11942,1,0,False
FT11946,2,0,False
FT11953,2,0,False
FT11984,39,0,False
FT12000,10,0,False
FT12005,4,0,False
FT12102,8,0,False
FT12123,10,0,False
FT12289,17,0,False
FT12291,2,0,False
FT12301,1,0,False
FT12398,44,1,True
FT12407,2,0,False
FT12429,17,0,False
FT12448,4,0,False
FT12452,4,0,False
FT12474,10,0,False
FT12480,45,0,False
FT12514,1,0,False
FT12540,12,0,False
FT12590,55,0,False
FT12592,71,0,False
FT12609,1,0,False
FT12656,2,0,False
FT12673,37,2,True
FT12674,41,0,False
FT12698,3,0,False
FT12705,1,0,False
FT12750,2,0,False
FT12756,3,0,False
FT12827,4,0,False
FT12857,22,0,False
FT12992,1,0,False
FT13045,2,0,False
FT13058,5,0,False
FT13080,36,0,False
FT13117,27,0,False
FT13133,1,0,False
FT13208,9,0,False
FT13241,2,0,False
FT13302,1,0,False
FT13306,3,0,False
FT13332,41,0,False
FT13336,4,0,False
FT13436,3,0,False
FT13604,10,0,False
FT13720,7,0,False
FT13771,48,0,False
FT13789,3,0,False
FT13839,38,0,False
FT13847,75,0,False
FT13851,42,0,False
FT13896,12,0,False
FT13924,31,0,False
FT13961,6,2,True
FT13984,2,0,False
FT14052,14,0,False
FT14070,1,0,False
FT14078,2,0,False
FT14100,31,0,False
FT14104,23,0,False
FT14207,11,0,False
FT14253,1,0,False
FT14280,13,0,False
FT14291,26,0,False
FT14303,3,0,False
FT14340,19,0,False
FT14345,31,0,False
FT14349,1,0,False
FT14363,1,0,False
FT14385,1,0,False
FT14496,32,0,False
FT14551,15,0,False
FT14658,38,2,True
FT14692,5,0,False
FT14893,3,0,False
FT14966,1,0,False
FT15004,31,0,False
FT15058,25,1,True
FT15126,1,0,False
FT15159,41,0,False
FT15163,7,0,False
FT15191,19,0,False
FT15203,1,0,False
FT15257,1,0,False
FT15339,1,0,False
FT15340,1,0,False
FT15378,2,0,False
FT15387,3,0,False
FT15406,10,0,False
FT15422,2,0,False
FT15446,1,0,False
FT15465,52,0,False
FT15467,37,0,False
FT15501,1,0,False
FT15564,37,0,False
FT15688,6,0,False
FT15691,3,0,False
FT15745,2,0,False
FT15863,24,0,False
FT15950,28,0,False
FT15987,1,0,False
FT16046,2,0,False
FT16105,1,0,False
FT16146,18,0,False
FT16211,1,0,False
FT16308,12,0,False
FT16451,16,0,False
FT16508,8,0,False
FT16656,42,0,False
FT16675,22,0,False
FT16726,5,0,False
FT16750,1,0,False
FT16869,12,0,False
FT16900,22,0,False
FT16929,1,0,False
FT16934,4,0,False
FT16951,1,0,False
FT16984,115,0,False
FT17006,16,0,False
FT17028,18,0,False
FT17036,28,0,False
FT17037,26,0,False
FT17084,3,0,False
FT17113,2,0,False
FT17123,15,0,False
FT17129,14,0,False
FT17276,20,0,False
FT17291,2,0,False
FT17303,7,0,False
FT17332,35,0,False
FT17378,1,0,False
FT17438,4,0,False
FT17453,2,0,False
FT17639,1,0,False
FT17670,1,0,False
FT17686,7,0,False
FT17782,7,0,False
FT17811,1,0,False
FT17835,1,0,False
FT17956,31,0,False
FT18050,2,0,False
FT18164,33,1,True
FT18211,6,0,False
FT18235,80,0,False
FT18274,4,0,False
FT18376,8,0,False
FT18419,2,0,False
FT18524,1,0,False
FT18561,2,0,False
FT18567,3,0,False
FT18570,44,0,False
FT18585,1,0,False
FT18586,1,0,False
FT18606,6,0,False
FT18614,1,0,False
FT18635,2,0,False
FT18723,1,0,False
FT18728,2,0,False
FT18742,9,0,False
FT18797,22,0,False
FT18822,5,0,False
FT18847,11,0,False
FT18885,2,0,False
FT18900,14,0,False
FT18931,6,0,False
FT19036,1,0,False
FT19072,14,0,False
FT19085,2,0,False
FT19095,24,0,False
FT19103,1,0,False
FT19109,7,0,False
FT19122,24,0,False
FT19179,46,0,False
FT19364,9,0,False
FT19379,1,0,False
FT19412,24,0,False
FT19419,1,0,False
FT19473,8,0,False
FT19633,1,0,False
FT19697,2,0,False
FT19720,1,0,False
FT19872,27,0,False
FT19910,16,0,False
FT19922,1,0,False
FT19932,10,0,False
FT19973,7,0,False
FT20005,5,0,False
FT20087,1,0,False
FT20112,5,0,False
FT20132,33,0,False
FT20141,2,0,False
FT20157,1,0,False
FT20165,7,0,False
FT20264,19,0,False
FT20307,4,0,False
FT20480,8,0,False
FT20488,1,0,False
FT20501,38,0,False
FT20541,3,0,False
FT20591,1,0,False
FT20608,1,0,False
FT20697,1,0,False
FT20700,4,0,False
FT20710,8,0,False
FT20861,1,0,False
FT20937,10,0,False
FT20962,1,0,False
FT20964,4,0,False
FT21043,2,0,False
FT21070,26,0,False
FT21076,3,0,False
FT21088,18,0,False
FT21096,12,0,False
FT21256,1,0,False
FT21280,15,0,False
FT21285,1,0,False
FT21288,5,0,False
