"feature_id","qc_detection_rate","qc_cv","qc_mean_intensity"
"FT04894",1,0.0122878419296278,27421172.7133895
"FT05165",1,0.012802739231986,1342982.9004425
"FT01389",1,0.0130797160012535,9015166.53010253
"FT00295",1,0.0131624494879746,345960116.752944
"FT05490",1,0.0149974777106207,2138301.04228723
"FT04779",1,0.0155023874022869,468137.508961289
"FT04290",1,0.0163407931593995,7154666.24845302
"FT02185",1,0.0184991677076716,111403696.324195
"FT09101",1,0.0195135873292133,107634327.714589
"FT03096",1,0.0206253829696497,1868979.91636575
"FT03852",1,0.0208284387225046,4901353.58327682
"FT02226",1,0.0212066524902805,13101250.8373061
"FT01180",1,0.0212698156730996,5112980.48904663
"FT12341",1,0.021669104471991,13264445.3884065
"FT15163",1,0.0218061296609494,3188449.08194191
"FT01712",1,0.0218634942013635,4136148.06993568
"FT00212",1,0.0224168364991101,625309.633909583
"FT05225",1,0.0224831732945969,10477887.6909128
"FT06527",1,0.0225852471090122,4254086.78019467
"FT15387",1,0.0227424707502121,5690249.23112178
"FT06378",1,0.0234906098416755,23149900.9036683
"FT06002",1,0.0240304228655203,10901386.2892831
"FT12289",1,0.0243650970550124,53381707.7190935
"FT00700",1,0.0245482671832526,51288194.3615262
"FT07382",1,0.0247611390321703,18952847.1876455
"FT12474",1,0.024820673828031,6911419.44238366
"FT04943",1,0.0248284147556598,3920065.91775457
"FT06092",1,0.0252646138753854,31211213.3366485
"FT01112",1,0.0252787384087539,1375657.71223103
"FT04786",1,0.0254572113808632,991092.794327811
"FT00580",1,0.0255990035304559,4956225.63358554
"FT04628",1,0.0260553697152653,6695437.57660911
"FT08646",1,0.0261142946938524,1142417.62422938
"FT05950",1,0.0270074328401282,64445325.4334416
"FT01499",1,0.0272065190740285,9773201.30323196
"FT06141",1,0.0272330989142307,4522231.03800524
"FT03144",1,0.0281911897806175,564499.990534323
"FT05774",1,0.0282162708094146,11585808.8781646
"FT06428",1,0.0287271567254585,3351660.8824745
"FT03412",1,0.029134312367526,11182449.5348356
"FT11548",1,0.0292451402588586,514206.944010899
"FT00622",1,0.0292507139137638,4008862.12430017
"FT02713",1,0.0295069981293286,2231996.37694799
"FT09115",1,0.0295141472535705,25481974.3116184
"FT04039",1,0.0295575270460721,6870261.7658824
"FT03715",1,0.0297160254238049,6230370.89651467
"FT09156",1,0.0298104496213963,5421295.8245043
"FT00714",1,0.0299315808363394,6470474.31533306
"FT01555",1,0.030138256634364,4306841.84128391
"FT05894",1,0.0302238285338827,778728.753582246
"FT17028",1,0.0306310333964881,19151602.3117029
"FT03276",1,0.0306663818333477,3133738.48412621
"FT08667",1,0.030931899196477,4676470.31164655
"FT05623",1,0.0309620639398139,813972.982371586
"FT00619",1,0.0313754567969485,1417284.07349122
"FT12673",1,0.0315116881601374,706991.389268621
"FT01386",1,0.0316356221932886,10600872.6937572
"FT02264",1,0.0320899634184936,691531.504753971
"FT00306",1,0.0323154421896478,2253311.23847449
"FT05569",1,0.0323422708108877,5570790.53778299
"FT05153",1,0.0323508886794633,1481389.03276012
"FT07437",1,0.0324443082972228,3103470.52498173
"FT06407",1,0.0324495769946063,737171.33090677
"FT07155",1,0.0325380200314145,5254763.10896726
"FT04405",1,0.0325774710763115,8852641.49972731
"FT08770",1,0.0326446024653737,1632701.55609228
"FT04456",1,0.0328035710567578,1195230.74096839
"FT07400",1,0.0328481751112823,479450.680908737
"FT07226",1,0.0329481971975635,391020.32681795
"FT11941",1,0.0333780978801254,8920205.37328898
"FT00585",1,0.0339238716799415,6146036.2888151
"FT01850",1,0.0341500877199349,5624056.46232582
"FT06495",1,0.0348455449492648,15194917.8693236
"FT05279",1,0.0348461648897883,1450167.44046547
"FT10889",1,0.0349738405790477,4479802.45616395
"FT05621",1,0.0350402093351219,699431.585711737
"FT03123",1,0.0351226442744,11739333.6924492
"FT12398",1,0.0351516928205385,1311681.57685415
"FT00187",1,0.0351551917041805,3806046.04824449
"FT02873",1,0.0353287185097511,7513319.46185147
"FT20141",1,0.0353793725912845,2713432.59274701
"FT07922",1,0.0354984821345516,1360296.51835121
"FT01119",1,0.0358095598376582,1981190.62435926
"FT05573",1,0.0359655170509812,796235.103796076
"FT02457",1,0.0360193758995937,590218.314382861
"FT07344",1,0.036180120117758,11571731.7773904
"FT00096",1,0.0362263953552575,1989331.02620114
"FT20480",1,0.0362304108677919,2690445.93998128
"FT03041",1,0.0362358303246588,1453075.04256529
"FT04123",1,0.0363977628994869,13886039.9735168
"FT11897",1,0.036941837991731,2733036.957256
"FT02882",1,0.0373818449551211,1262906.61350714
"FT08104",1,0.0375414865048981,312571.827344664
"FT01926",1,0.0375525534812065,1039838.21633609
"FT02725",1,0.0377395445683008,23685646.0386241
"FT10465",1,0.0378292311362243,811492.66147762
"FT00797",1,0.0378907886897796,3703082.49992195
"FT02834",1,0.0379050402015058,2341007.17052571
"FT04947",1,0.0379491045148065,657471.450922848
"FT10962",1,0.037989613660127,635472.090012615
"FT07482",1,0.0381785724716931,712106.399555927
"FT06644",1,0.0383197140680092,1118249.06002044
"FT00421",1,0.0383263472326823,2726378.14079718
"FT10485",1,0.0383929381705174,10300942.018075
"FT10238",1,0.0384863685240981,783350.359215729
"FT09013",1,0.0387691883922195,444887.39579632
"FT17639",1,0.0388164338737724,4984449.39471493
"FT18585",1,0.0390206074303968,3464761.55283933
"FT08661",1,0.039166395968283,1270930.26200568
"FT19379",1,0.039268127140278,2475238.15684437
"FT02553",1,0.0394709483128921,638897.323963549
"FT00439",1,0.0398195320161649,592304.921194081
"FT05823",1,0.0399041967604634,4174218.32956097
"FT18900",1,0.0399649437330103,2947002.75920001
"FT01046",1,0.0399653637838426,47468441.7889099
"FT04695",1,0.0401200604636558,809211.432286819
"FT01759",1,0.0402708175405518,1030003.48649961
"FT08503",1,0.0402888952869508,1384672.70197555
"FT01206",1,0.0403628388727111,417498.994541785
"FT18376",1,0.0404400659275563,266622.07438943
"FT08160",1,0.0405118346843649,979338.771844002
"FT18931",1,0.0406003499653996,787174.668892266
"FT02504",1,0.0406277525362904,4567532.18388052
"FT08903",1,0.040712897706163,1711328.54000186
"FT01145",1,0.0410235679764767,8143304.51058767
"FT00413",1,0.041079141877702,2965598.73772124
"FT01248",1,0.0410873937290463,488959.618322267
"FT18211",1,0.04156218832698,17188842.1917619
"FT01996",1,0.041758187271249,195671921.597784
"FT05628",1,0.0419133204922876,1284736.87359826
"FT01737",1,0.0420455188526386,2408174.55999144
"FT01414",1,0.0421227984882432,797098.912061475
"FT04023",1,0.042132539299929,1530649.47506853
"FT04568",1,0.0422093864791493,3269322.93690906
"FT09590",1,0.0422387338822245,1805354.77317231
"FT17063",1,0.0424986453184328,3846853.3331046
"FT14100",1,0.0425889760318083,1922007.76393984
"FT00355",1,0.0426087774156847,1964856.21717427
"FT01890",1,0.0427850234409256,9933170.15011435
"FT19085",1,0.0428223197293505,3948552.58599356
"FT06267",1,0.0429471280188639,1975056.70829901
"FT08772",1,0.0432118690294259,25460926.2122056
"FT06763",1,0.0432290946921296,787193.783690213
"FT00606",1,0.0433080807473742,2099901.00699296
"FT17332",1,0.0434282236023106,1240192.56980476
"FT03832",1,0.043451807097051,2738636.42392749
"FT04102",1,0.0434540178928475,331108.888636741
"FT03610",1,0.0435662607871172,5278831.10969573
"FT13058",1,0.0436830490393078,46415793.0149802
"FT00192",1,0.0443380852501807,1463965.24398341
"FT05810",1,0.0443450807483589,1514232.23327312
"FT05551",1,0.0444398845496043,126560051.776791
"FT06203",1,0.0444610502640301,328048.763116759
"FT12407",1,0.0446220269301603,3220690.76283829
"FT09931",1,0.0448526072459819,313979.394610807
"FT05818",1,0.0449463408772284,261355.396632419
"FT03898",1,0.0452897589702175,681327.222395282
"FT07891",1,0.0452908023506984,351997.106398458
"FT00972",1,0.0454243251965055,1230250.85939065
"FT00126",1,0.0454939745153876,667811.546253695
"FT10467",1,0.0455429767362924,401285.694966638
"FT05601",1,0.0455441956947792,1499033.96647532
"FT03248",1,0.0457237398476224,934271.085433084
"FT05435",1,0.0457741932123269,4590708.37138002
"FT21088",1,0.0458076872163494,4746106.16896258
"FT01732",1,0.0458917905227172,415099.683180528
"FT03162",1,0.0459016832732217,426370.350568873
"FT09587",1,0.0459978793623026,4946144.9094372
"FT07063",1,0.0464347606028769,1097153.32170915
"FT03430",1,0.046603364560786,675452.266673075
"FT04726",1,0.0470711456568693,1218383.76636616
"FT06206",1,0.0471213134649233,12156082.8089366
"FT06106",1,0.0471267448495659,1234655.5747824
"FT07266",1,0.0471430229347226,1686195.77465639
"FT18586",1,0.0471772524967344,5593696.89133995
"FT00779",1,0.0471809864059174,4717135.82685128
"FT00221",1,0.0472674059646972,2631413.85269034
"FT10064",1,0.0473012497848472,1718673.0214064
"FT05383",1,0.0474710538277687,2364080.83560185
"FT00905",1,0.0474975402460287,4486143.03133351
"FT10839",1,0.0476136343255502,317769.77942067
"FT20488",1,0.0476150843524683,1184860.6689834
"FT08897",1,0.0477395528804942,2171978.58304153
"FT03381",1,0.0478238704556564,700816.585571255
"FT16451",1,0.047929074602185,187990.414623491
"FT01922",1,0.0479463216938909,720537.743227464
"FT06749",1,0.048179219013495,342725.860140685
"FT02970",1,0.048561279853436,2146764.8899165
"FT14078",1,0.0486169198770823,7385069.30074179
"FT19419",1,0.0488578156810603,450754.461942215
"FT08893",1,0.0488892139949148,1511171.15363967
"FT03776",1,0.0490230774027106,32038176.232167
"FT03157",1,0.0491599363063744,650301.302404728
"FT02377",1,0.0494958649163024,750394.179158957
"FT07638",1,0.0498758648670181,1178906.82948139
"FT11311",1,0.0499623682840555,597135.490496615
"FT13045",1,0.0500228126654024,1303903.71907791
"FT14893",1,0.0500243858125736,11342360.2525059
"FT13106",1,0.0500423066638752,6010148.20115432
"FT08140",1,0.0501504392268477,506492.319282105
"FT21070",1,0.0503125375906835,1626886.47426747
"FT02440",1,0.0505221323670132,1267660.92010217
"FT01590",1,0.0505975736083233,183256489.577071
"FT08075",1,0.0506521890550635,3812733.48347665
"FT09661",1,0.0507206925439283,2073772.71559328
"FT20157",1,0.0507311015041641,1134577.38002078
"FT11929",1,0.0507861702726524,751428.225287465
"FT18235",1,0.0508042990300264,5348592.62489294
"FT04097",1,0.0509756468968029,7223089.84420229
"FT10593",1,0.0510600704637502,1203832.84874068
"FT01253",1,0.0510919024071703,1311379.33794849
"FT10653",1,0.0510933587833716,765314.272027367
"FT00106",1,0.051270124036269,33727637.7770167
"FT01142",1,0.0515214818232187,68285400.0138014
"FT03787",1,0.0515691860867986,1681323.88298467
"FT00457",1,0.0515765685251,432537.013098997
"FT05595",1,0.0515879682691001,1702545.70181122
"FT00607",1,0.0518099188505544,245947353.666445
"FT18606",1,0.0518518092202274,2525194.93165768
"FT05876",1,0.0519437975454465,772183.679018945
"FT00923",1,0.0519505034718006,429610.025171249
"FT06526",1,0.0519550405240721,829730.163917943
"FT02545",1,0.0519841333065609,395832.335004617
"FT00980",1,0.0521087696229666,837452.062745314
"FT04630",1,0.0521868970008194,487759.805589906
"FT12540",1,0.0523963017226972,5058666.85219248
"FT00559",1,0.0524217451947621,8108227.93782039
"FT07125",1,0.0524227275362171,939735.41722197
"FT21288",1,0.0525849629891299,616737.470009631
"FT00381",1,0.052601796547104,8854536.09536493
"FT00365",1,0.0526383803189368,1740369.83324407
"FT11656",1,0.0526676849811339,302932.60812921
"FT13771",1,0.0528813577474734,1044357.92414898
"FT00210",1,0.0529512792586692,1540874.48742925
"FT16105",1,0.0529805752800204,1350214.50439799
"FT07992",1,0.0530697420531748,301299.628296296
"FT21074",1,0.053089894957186,1182881.96765985
"FT08310",1,0.0530977249435447,572420.924392054
"FT02310",1,0.0531693963417045,1760108.03491982
"FT04797",1,0.0532215341441012,1224095.36445961
"FT02357",1,0.0533236324025743,6416350.25662928
"FT01619",1,0.0533953399295465,11709727.8771717
"FT04984",1,0.0535957929863716,4300004.70010725
"FT01101",1,0.0536558455967522,6809009.51556133
"FT03327",1,0.0538931160413679,324991.909348677
"FT18561",1,0.0539515225577534,973662.563470409
"FT20005",1,0.0539555101912755,2695601.63603588
"FT07776",1,0.054016640886288,544437.777219226
"FT14925",1,0.0540400789566729,3248640.72918116
"FT10945",1,0.0540412951576872,452304.841161795
"FT21285",1,0.0540908737323061,1433380.29706312
"FT00800",1,0.05415093470099,4031644.9662283
"FT01962",1,0.0541727004083992,106097.521387538
"FT01110",1,0.0542090004396835,12257252.0226388
"FT01959",1,0.0542228378899677,2066664.58541819
"FT10023",1,0.0542910534370184,2124526.44729643
"FT05830",1,0.0544259479789714,955455.984428373
"FT12000",1,0.0544620861815518,2152208.28148864
"FT05096",1,0.0545037349306642,21038265.1894849
"FT03660",1,0.0545657631006563,710308.214900505
"FT08832",1,0.0545689030785676,2025532.00786681
"FT00235",1,0.0547313600676957,1960341.29293826
"FT03762",1,0.0547582304654843,4532956.46213517
"FT19872",1,0.0547918516997636,4539403.15814921
"FT01975",1,0.0548095413783686,653336.76319378
"FT18723",1,0.0548862258262578,816023.648409797
"FT00918",1,0.0549045551448154,200405167.284647
"FT10141",1,0.0549480860195774,2003024.83945501
"FT02842",1,0.0549569072980637,764996.927252539
"FT08076",1,0.0549739977947241,961503.977534071
"FT02968",1,0.0549749774690213,420591.993449993
"FT15987",1,0.0553160998952628,1787224.96814641
"FT02797",1,0.0553763341165065,4489093.88817476
"FT02379",1,0.0554888244086383,2075591.30363277
"FT06764",1,0.0556499078061296,774866.790187209
"FT05651",1,0.055731523355319,1411540.20749176
"FT09912",1,0.0557829573602602,522781.712259417
"FT09174",1,0.0558467664455539,782192.722122077
"FT09428",1,0.0559822211300868,113502429.353622
"FT14052",1,0.056038859689297,17492720.8349224
"FT00764",1,0.0560531447051314,1031640.44009104
"FT09502",1,0.0560923690093969,962879.791655023
"FT17303",1,0.0561152885369386,7216066.74333127
"FT08159",1,0.0561328055916492,273012.849033758
"FT16726",1,0.0561561744901387,2233818.5308252
"FT04107",1,0.0561819877866904,1270211.42159217
"FT20307",1,0.0561869752367427,161002.477141218
"FT03031",1,0.0561925278257725,2324225.03614129
"FT06481",1,0.0563163111578347,218904.085946272
"FT02116",1,0.0564007972963357,150598204.300202
"FT01910",1,0.0564056519170066,208127.277681427
"FT02648",1,0.0564639047981827,679371.550830309
"FT03427",1,0.0565802896149888,2029178.08624559
"FT02145",1,0.0566220655362965,9628874.65756132
"FT10410",1,0.0568107335212371,2011499.2104108
"FT00503",1,0.056871946839668,222801.378586579
"FT21076",1,0.0569408556432475,450479.302307361
"FT00521",1,0.0570181148869817,807768.428221783
"FT04750",1,0.0571165340406749,3805447.88984544
"FT02530",1,0.0571442273156578,348665.623907893
"FT05464",1,0.0572824071974489,1191726.52925646
"FT05606",1,0.0573529658022505,355511.968164906
"FT17129",1,0.0573957053499506,2205308.77845385
"FT05535",1,0.0574087228368848,17309095.8991953
"FT12685",1,0.0574129548243694,12846282.008989
"FT00784",1,0.0575136675881796,66870061.9950044
"FT03051",1,0.057598938002031,1014149.80897254
"FT04212",1,0.057609449384895,1782368.47856196
"FT04431",1,0.0578367940372362,3737058.78263767
"FT14104",1,0.0579691260873606,3827390.46036191
"FT01189",1,0.0584230883264127,5518072.78549999
"FT09490",1,0.0584899403226593,3358701.49544569
"FT00629",1,0.0585346055151186,12712715.7506871
"FT04804",1,0.0585733467612974,533675.990793717
"FT02040",1,0.058839393892861,1740663.10342774
"FT05871",1,0.0588589444862758,2292611.62312439
"FT09120",1,0.0588627052113329,1538123.64528748
"FT14303",1,0.0588629943836857,2900349.18731991
"FT06861",1,0.0589563654332007,228623.892580623
"FT10007",1,0.0591805507633314,506123.274523419
"FT02077",1,0.0592647941535153,1245163.18628565
"FT00407",1,0.0592672320101701,4583599.22530952
"FT06001",1,0.0594231200079948,1064190.56834691
"FT03030",1,0.0594613791782666,15089942.716793
"FT04961",1,0.0595965686861155,5148303.87605705
"FT08380",1,0.0596140988519512,301726.762212632
"FT00384",1,0.0596978951116643,104644467.674737
"FT03650",1,0.0597327999535944,865419.201859539
"FT07269",1,0.0597555139428386,7937050.8006964
"FT00977",1,0.0598358307713824,1724653.93145902
"FT05768",1,0.05987052731619,491698.761453513
"FT13336",1,0.0598745679298053,3515661.35744267
"FT08469",1,0.0598799304325778,1019313.39697112
"FT00326",1,0.0599482979523164,10366806.5598989
"FT05367",1,0.0601195789391415,1709383.61566045
"FT18597",1,0.0601404164390273,5020881.00150269
"FT14345",1,0.0601436905355453,744606.366272188
"FT12480",1,0.0601994653960994,10436410.5578304
"FT08156",1,0.0602180138961826,1121519.59735997
"FT17686",1,0.0602233013581874,990628.748954214
"FT09182",1,0.0602716138947833,278268.192929636
"FT13208",1,0.0603221883075616,510916.572982134
"FT10289",1,0.0603718170113872,1553870.18186286
"FT05694",1,0.0605059401905123,699796.699416043
"FT15446",1,0.0605978439047417,432603.267659593
"FT00325",1,0.0606151804616946,488708.808047861
"FT09419",1,0.0606817584806949,1875418.90172153
"FT06646",1,0.0607557210834706,733760.701241495
"FT13429",1,0.0607716839244264,1874821.71158335
"FT03073",1,0.0609549064469636,1688386.36572669
"FT11308",1,0.0609607583640283,9480909.71864147
"FT09458",1,0.0610464255448448,22936911.2452921
"FT06939",1,0.0610509968963656,1185969.45226204
"FT01081",1,0.0611675361392177,1141960.39507127
"FT01659",1,0.0612457020891255,1127122.91797146
"FT00958",1,0.0614065820686759,5469421.18098752
"FT09352",1,0.0614395877074376,734936.025145577
"FT00770",1,0.0615455365710355,1752165.4639743
"FT15339",1,0.0616375965347377,3518047.90584975
"FT10911",1,0.061760215168873,807892.285744564
"FT07376",1,0.0619672200176442,9940584.19344146
"FT09765",1,0.0619767882140529,151763.765585942
"FT19932",1,0.0620411308152935,494561.623414663
"FT09805",1,0.0621543086107318,922540.057409215
"FT08927",1,0.0622719387614576,117427.826061489
"FT15004",1,0.0622777307354393,961977.151545033
"FT04638",1,0.0622861378398533,2222766.84897969
"FT10261",1,0.0623963373503422,587600.533610988
"FT00137",1,0.0624131645467303,1967225.80287259
"FT15564",1,0.0624774249991951,1405507.12203876
"FT04607",1,0.0626317076377148,344426.709691783
"FT01078",1,0.0627265633937194,1103488.48012533
"FT10349",1,0.0627889723287573,348642.338934148
"FT05743",1,0.0628040422787046,211599.198213431
"FT02426",1,0.0628050862732853,1718969.75079895
"FT06400",1,0.0628582683518249,1375571.15489325
"FT08502",1,0.0630496051399209,2321979.30667238
"FT04891",1,0.0630952727271299,250425.389184827
"FT02283",1,0.0632632637534158,680309.775316276
"FT06531",1,0.0632652721415034,337207.393587484
"FT04663",1,0.0633408077382693,360134.895831112
"FT07377",1,0.0634177742568322,3076983.46675377
"FT02073",1,0.0634213693354351,1694049.27029972
"FT02615",1,0.0634590868551356,4856255.78614681
"FT06000",1,0.0634700885282978,799166.699440541
"FT05626",1,0.0635241603492848,324436.525736024
"FT07345",1,0.0635623374181841,112393.042683242
"FT14070",1,0.0635940228990111,481076.242287038
"FT06046",1,0.0636231895013262,811113.117498189
"FT01794",1,0.0636765744022278,78001750.4476575
"FT08464",1,0.0637643764505046,9061875.89330042
"FT00329",1,0.0638746793377078,832089.046237772
"FT03592",1,0.0639598282318942,381322.547916044
"FT07152",1,0.0639679350431353,726203.939854693
"FT00664",1,0.0641231533085649,27845269.5839845
"FT05419",1,0.0641381590675202,1582108.87462456
"FT02949",1,0.0641481494509701,443625.339808054
"FT02980",1,0.0641544851866913,9078593.74697899
"FT04994",1,0.0641811950310083,789394.560838127
"FT08988",1,0.0642702655866198,2236204.45870019
"FT21096",1,0.0643238346722507,1847230.29029782
"FT00466",1,0.0643808089046326,2847699.77762812
"FT02464",1,0.0643998901430626,2746747.93677596
"FT01034",1,0.064528128248095,2977089.15978841
"FT03793",1,0.064528968705081,101581.36624994
"FT00411",1,0.0645781429304003,25255892.8882608
"FT10156",1,0.0648429404070152,857633.611433151
"FT19364",1,0.0648437397587938,1962078.76464779
"FT17670",1,0.0648938290493746,540492.930614769
"FT08619",1,0.0649509826348992,9039933.13007145
"FT01211",1,0.064960533823784,4131762.11641977
"FT13851",1,0.0650015127131265,243267.404158496
"FT07432",1,0.0650078951523877,1038617.74056497
"FT03934",1,0.065038515619381,948469.502681306
"FT19697",1,0.0650399774952562,497791.073284335
"FT16508",1,0.0650690420480981,429364.548669181
"FT02129",1,0.0651544813667684,875188.383303065
"FT10297",1,0.0651556723004246,2010846.03086191
"FT02923",1,0.0652167548071931,163951121.613236
"FT00693",1,0.0652506339568377,9421671.58403091
"FT02617",1,0.0652830977764409,15440145.4558777
"FT06962",1,0.0652942527248066,496392.674064354
"FT00744",1,0.0653646275173188,1588661.26169723
"FT07185",1,0.0655521948082864,1459868.18300292
"FT01252",1,0.065645089194438,2486450.35540004
"FT13241",1,0.0656801034588748,526184.898231238
"FT15191",1,0.0657738411830352,600892.710357646
"FT13789",1,0.0657784096291859,503956.914610492
"FT11183",1,0.0658117118013625,448969.807707605
"FT00934",1,0.0658373951207228,759913465.368739
"FT04098",1,0.0659111313094747,2899067.99094531
"FT17318",1,0.0659264977156836,3878573.68328963
"FT18728",1,0.0660294654426744,1446048.3789073
"FT08750",1,0.0661121661989609,124445.181439151
"FT05883",1,0.0661567686501997,481912.68223601
"FT00118",1,0.0662097681266762,51462237.4032921
"FT07097",1,0.066260797076907,3959220.15048567
"FT05397",1,0.0662986613191201,301830.719870479
"FT01284",1,0.0663542435651214,563196.25014779
"FT00234",1,0.0664058998637875,93661366.377634
"FT01408",1,0.0664172372011438,278424.378167907
"FT09324",1,0.0664379532924313,249085.983953166
"FT01091",1,0.0665236870438807,55722712.0216895
"FT00959",1,0.0666130410080599,50495655.7207148
"FT12102",1,0.0667488194151207,944817.77243708
"FT04452",1,0.0667697086048067,754425.167362777
"FT11566",1,0.0667757915113278,1907331.67216177
"FT04031",1,0.0668642652363792,1246101.01812816
"FT11101",1,0.0668867295309138,828163.315235273
"FT07779",1,0.0670938487405067,2128690.52843243
"FT03071",1,0.0671879057275842,666387.429515623
"FT01817",1,0.0673276293605333,870592.578645846
"FT06189",1,0.0673859989994564,567856.520871054
"FT00154",1,0.0673889439555054,4422061.1281058
"FT13332",1,0.0674071682092281,55497256.3429483
"FT12656",1,0.0674126940161641,31767043.8141668
"FT03517",1,0.0675485461672052,2116256.33778434
"FT00974",1,0.0675580416025046,2790529.736578
"FT00388",1,0.0676450833472718,2219461.19354338
"FT06372",1,0.0677050054268453,244942.592742637
"FT06410",1,0.0678209266151561,27137423.3376421
"FT05437",1,0.06793790581681,70059677.6039653
"FT13377",1,0.0681106708482609,13827832.7928066
"FT06319",1,0.0681224873092141,680795.463188882
"FT08751",1,0.068139212842978,2526747.47049015
"FT00636",1,0.0681847695470036,361919.426408981
"FT00366",1,0.0682496744212749,551735.917812926
"FT06358",1,0.0682722557481563,353534.914982877
"FT06914",1,0.0684158946019875,366162.946248999
"FT00274",1,0.0684446153349305,6611200.2957202
"FT00397",1,0.0685100494262134,4947543.5028867
"FT01637",1,0.0685265919384255,19033103.5117514
"FT19720",1,0.0686992898895434,140223.677802693
"FT12301",1,0.068727260884407,2707418.17031184
"FT05286",1,0.068747515948608,602112.304592414
"FT12857",1,0.0687752482493191,84812.9605209914
"FT03098",1,0.0688384224968185,334443.420080677
"FT06509",1,0.0688693114565319,6863137.86334587
"FT04042",1,0.0688754304604604,528654.246038287
"FT14692",1,0.0689029247312674,193291.656737425
"FT14966",1,0.0689204929370385,423172.203926306
"FT09881",1,0.069077826957808,1863778.87831114
"FT14551",1,0.0691009680462611,581883.800247217
"FT09600",1,0.069111747058961,1029178.42284724
"FT15422",1,0.0691265317683966,579752.939281366
"FT02847",1,0.0691457415395454,381747.821466538
"FT12705",1,0.069169992337818,3232219.83283055
"FT15058",1,0.069348399643209,492064.593389133
"FT04999",1,0.0694262994442677,22978324.1601806
"FT01781",1,0.0695066515577782,166092.70516622
"FT18635",1,0.0696181957405506,2176555.11794564
"FT00048",1,0.0696975758741774,1820668.36462508
"FT14280",1,0.0697410498540406,429442.22273058
"FT04310",1,0.0697974087172111,1330085.15356842
"FT04615",1,0.0697984165729873,7123207.34687929
"FT05149",1,0.0700527471938572,2275770.39751402
"FT12291",1,0.0701283084107677,741549.000483045
"FT05051",1,0.0701333068326764,513376.265512609
"FT07295",1,0.0701776405757912,969248.745812635
"FT04610",1,0.0701784079495743,1079673.17248861
"FT07926",1,0.0701891295237088,375086.955835122
"FT05052",1,0.0702135091128696,506550.460245972
"FT09380",1,0.0702177449627254,345167.934915335
"FT00703",1,0.0702487829561256,3986864.21564324
"FT13961",1,0.070337588513802,4806446.14851454
"FT21280",1,0.0703718512493022,1794244.50506266
"FT03882",1,0.0703814417025755,1014070.27611716
"FT17811",1,0.0703914858185909,4978002.56428155
"FT18419",1,0.0703947927937431,6890753.26425999
"FT10260",1,0.0703980336292827,5309916.3480933
"FT00570",1,0.0704647966864936,1240618.19236311
"FT05571",1,0.070473085196632,3683372.24066095
"FT07582",1,0.0705785408156488,4527561.14449122
"FT12590",1,0.0705854766952708,7280168.69372909
"FT00317",1,0.0705957710496134,13396401.2902394
"FT00271",1,0.0706488303941123,9660412.95959496
"FT01166",1,0.0708028323187581,4052952.65697195
"FT06703",1,0.0708110141260797,2460418.72452337
"FT08693",1,0.0709863591561827,132502.687236666
"FT01611",1,0.0709883717063488,306153839.332023
"FT04373",1,0.0710594804777655,593718.340858193
"FT03824",1,0.0710726078927685,1049567.94638735
"FT14496",1,0.0710892093469527,437545.434451402
"FT00821",1,0.0711687816325938,1786924.47842563
"FT17036",1,0.0712218012819093,2658911.48377571
"FT00683",1,0.0712826133804555,1342180.91672554
"FT02172",1,0.0713063541383707,395316.114815823
"FT20165",1,0.0713966581295785,714719.799452482
"FT18614",1,0.07141638512836,868662.019251338
"FT04805",1,0.0714284126439135,1683386.85267112
"FT11201",1,0.0714410590605259,535790.025687335
"FT05969",1,0.0714541135471893,1297873.14936872
"FT15203",1,0.0714579300294213,762526.471631532
"FT09939",1,0.071475940797744,1137017.24114275
"FT10368",1,0.0715511554566902,3117229.39855735
"FT07689",1,0.0715657886617304,171374.286936782
"FT12514",1,0.0716303340876656,4381429.66863817
"FT08131",1,0.0717516349587367,485504.808063874
"FT05429",1,0.0717545807315322,1071252.22585324
"FT10618",1,0.0718671399492016,552987.899409128
"FT06447",1,0.0718906971991914,1029377.66528766
"FT00335",1,0.0721195324171379,728665.158622801
"FT07747",1,0.0722616218887217,156477.02115847
"FT10290",1,0.0722920831674509,5385249.71888769
"FT04884",1,0.0723283790087537,8656514.32219826
"FT03116",1,0.0723329740383934,982230.788619883
"FT03467",1,0.0725336983112073,6759488.5042554
"FT02399",1,0.0725595486178694,759184.528152891
"FT00341",1,0.0725597915195281,726853.056461755
"FT01430",1,0.0725892735714298,198691.69127914
"FT15257",1,0.0725940525846876,901353.731855133
"FT03842",1,0.0725944639059728,298079.47819364
"FT19103",1,0.0726789768848496,812027.774498975
"FT03300",1,0.0727262396333393,144235.030694608
"FT02197",1,0.0727463470013111,557526.376486788
"FT01808",1,0.0727706625265519,6201333.38165414
"FT05374",1,0.0727873648054013,16728120.0442677
"FT05865",1,0.0729015862335928,656404.92302638
"FT03230",1,0.0729482414407619,396862.003927643
"FT03174",1,0.0730490192657491,2663041.75313311
"FT02361",1,0.0731004016099022,379091.152213443
"FT05627",1,0.0731522813415917,133266.047596911
"FT06580",1,0.0731852744777787,322977.574490808
"FT04835",1,0.0732016692637355,86853.8262368276
"FT16675",1,0.0732279896153069,176072.343448949
"FT17113",1,0.0732597619931116,1423682.69226444
"FT07957",1,0.0734465633664854,131808.414060588
"FT05333",1,0.0735040755510297,409832.986655147
"FT09539",1,0.0736560541321122,702723.701116886
"FT05336",1,0.0736631892300168,735990.308308074
"FT07988",1,0.0736793676864428,496122.683884899
"FT17084",1,0.0737913214525805,21815663.8759968
"FT10562",1,0.0737945184937918,323046.515362519
"FT03534",1,0.0738742264542516,3261103.38854817
"FT15950",1,0.0739449021350939,995770.219859993
"FT00649",1,0.0740550642749249,32477651.9303516
"FT02515",1,0.074067611194485,6757696.15061007
"FT06943",1,0.074067666769069,2935386.59070949
"FT17291",1,0.0740785826314291,657448.456308956
"FT07301",1,0.0741101390005525,682640.704037141
"FT00837",1,0.0741697088064383,296736.046814738
"FT12429",1,0.0741860803043525,1238120.69327441
"FT15745",1,0.0743696049194504,405675.879195555
"FT03029",1,0.074414438300867,8598540.89846416
"FT17037",1,0.0745156415933435,385965.097195967
"FT05003",1,0.074648874165638,253063.294904036
"FT17835",1,0.0746925453376664,1814729.25662442
"FT06482",1,0.0747687409667145,287897.237135031
"FT01655",1,0.0748030008609686,14324877.4050407
"FT16146",1,0.0748333349967868,542214.439047609
"FT20112",1,0.0749169887966719,2124306.9551494
"FT05501",1,0.0749291608434361,8074712.22380478
"FT02125",1,0.0749611575252573,200274.522651275
"FT20937",1,0.0751162896977909,11712732.4963731
"FT08876",1,0.0751211558185149,365541.31245857
"FT00445",1,0.0752525405882695,3144191.23536654
"FT15159",1,0.0753162913100574,951506.834976298
"FT06484",1,0.0755115841686484,332153.686558837
"FT07323",1,0.0756646527475927,1206903.12181267
"FT10726",1,0.0757088642107151,629906.824542053
"FT09911",1,0.0757232705648042,576265.693902218
"FT05878",1,0.0757343823964221,1854192.06396666
"FT02177",1,0.0758496671022796,1834911.94300608
"FT21043",1,0.0759124278620308,2002143.57591113
"FT07256",1,0.0760573170161638,334086.81080232
"FT02068",1,0.0761061752801813,179802.02726726
"FT01532",1,0.0761081622947589,1434131.01115106
"FT08960",1,0.076144302852965,7194054.09502643
"FT11531",1,0.0762089347480306,454937.126803124
"FT02756",1,0.0762204935374352,1297910.40324255
"FT05022",1,0.0763790789441827,853675.883416955
"FT03153",1,0.0764584270907546,349824.29109049
"FT13133",1,0.0765719009289922,629829.766105438
"FT08274",1,0.0765871569589889,2373098.57498389
"FT10376",1,0.0766075678994552,1572341.43307508
"FT01136",1,0.0766366046060785,112821.464723107
"FT02096",1,0.0766625893087052,429758.473758812
"FT04538",1,0.0766665216802906,907580.556754038
"FT19922",1,0.0766934025506896,327979.905878942
"FT05493",1,0.0767227303830772,244013.782809415
"FT00128",1,0.0767598277826212,3362503.57203471
"FT15691",1,0.0767832057577514,670726.678400094
"FT04168",1,0.076958590805245,300351.242800351
"FT09582",1,0.0769849687370962,1417133.22360513
"FT04639",1,0.0770298760310429,368100.228073138
"FT04432",1,0.0771384888467865,369888.366500634
"FT18885",1,0.0772057267944877,839060.287470676
"FT08805",1,0.0772498182426175,173588.042211674
"FT03724",1,0.0772591470780232,116152.952459719
"FT02969",1,0.0772770645328552,10049724.2577382
"FT00256",1,0.07732582820816,8869870.121352
"FT09495",1,0.0773343170761956,536291.787475039
"FT19179",1,0.0773611428824965,177931.237825234
"FT10738",1,0.0773839537071487,338040.480991906
"FT11513",1,0.077487879604833,282064.50034174
"FT09798",1,0.0775090817906837,823854.355926121
"FT06968",1,0.0775280861456781,560983.294617572
"FT10464",1,0.0776075646468231,1674668.36403805
"FT07019",1,0.0776468840017655,229152.818386317
"FT06421",1,0.0776682193243243,1435419.97223001
"FT10115",1,0.077698897419526,376889.534410861
"FT02984",1,0.0777497127840987,555074.197969463
"FT05648",1,0.0778948496953882,302729.221362901
"FT09130",1,0.078063239233447,412846.997130923
"FT16750",1,0.0780862911495169,487022.191391618
"FT11154",1,0.0780940194945902,1420430.40327612
"FT08070",1,0.0781735085987852,1688648.17402909
"FT08020",1,0.0782089335856507,1427913.25755694
"FT04416",1,0.0783006345912471,122665.29406599
"FT17956",1,0.0783039411757196,1186634.44945772
"FT12756",1,0.0783519920577004,568119.331934134
"FT13839",1,0.0783592251327404,575785.395936127
"FT18431",1,0.0785364373054708,3428280.20132555
"FT04462",1,0.0785466659660787,770764.000010014
"FT10350",1,0.0785745364512772,962989.534028028
"FT20697",1,0.078592623789072,322160.312991363
"FT12992",1,0.0787027477150162,14301222.2877909
"FT12123",1,0.0787646814068032,210519.147201017
"FT00238",1,0.0787700867024909,289686.512578735
"FT07615",1,0.0789460532272727,1184341.25852748
"FT03941",1,0.0789631350080456,1315007.39682192
"FT06695",1,0.0790021121541986,140787.439594302
"FT00965",1,0.0790217488791888,43169570.2193759
"FT16953",1,0.0790280581121587,1097878.03793622
"FT01235",1,0.0791000028657596,922636.406243268
"FT16984",1,0.0791372221833056,99713.2985181431
"FT05430",1,0.0791561573498144,1202171.49230636
"FT05339",1,0.0791598848301566,549957.879015396
"FT00497",1,0.0791752316693851,19060505.9249136
"FT08294",1,0.079337204280959,268571.559552483
"FT04121",1,0.0794283404878548,1077083.58831323
"FT20132",1,0.0794394205122249,522884.979210657
"FT09325",1,0.0794752632569022,796499.98469525
"FT02798",1,0.0794771898771682,80343.297405778
"FT01254",1,0.0794942200418222,6434818.33993251
"FT03799",1,0.079530102403497,655444.021013531
"FT06337",1,0.0795722406523303,165268.054613563
"FT02158",1,0.0796039636394119,157282.395510732
"FT00327",1,0.0796911794798977,1648022.63519555
"FT05341",1,0.0796999631067985,1053524.46215024
"FT10397",1,0.0797007388294331,1122795.48321802
"FT06553",1,0.0797901417789418,1411986.40364638
"FT04930",1,0.0798651667824436,727271.769645755
"FT06856",1,0.0799108812732894,262559.585494027
"FT00613",1,0.0799132031755524,880372.863224074
"FT08354",1,0.0799136711151306,305343.822838856
"FT01636",1,0.0800365203921143,3937728.04758432
"FT09159",1,0.0800551685423434,858564.43913886
"FT03521",1,0.0801990553087297,2088919.2308882
"FT11536",1,0.0802413034954451,2725710.64048778
"FT04718",1,0.0802505762134509,232173.264813917
"FT08813",1,0.0802877317675998,888686.829497948
"FT00434",1,0.0803607427115894,107491083.801323
"FT04344",1,0.0804021558829497,276925.507177553
"FT00136",1,0.0804145760633577,32900992.2529641
"FT06829",1,0.0804232473031395,2263513.97870119
"FT00214",1,0.0804585269579533,4845418.9369454
"FT15688",1,0.0804759078871128,569407.294850909
"FT00247",1,0.0804910703409594,75941493.1574379
"FT11810",1,0.080538874983345,974835.36696454
"FT01239",1,0.0806506499247895,1956458.1614234
"FT13984",1,0.080681401197131,225771.580855836
"FT11946",1,0.0807040189721516,6531849.54283146
"FT00708",1,0.0807052322640759,7924011.71941878
"FT00313",1,0.0807410677703141,1044982.40988265
"FT03438",1,0.080847449168566,1105223.73309729
"FT05619",1,0.0809201831481198,364061.414754686
"FT09638",1,0.0809327994756626,796905.705205017
"FT02760",1,0.0809328941121028,749568.492456702
"FT19095",1,0.0810493550256391,2485032.47187914
"FT11177",1,0.0812131009672541,513315.859798014
"FT03737",1,0.0812148398056445,102792.590518954
"FT19910",1,0.0812210276939665,602103.49689524
"FT18822",1,0.0812593615875511,2372852.96464561
"FT07176",1,0.0812705946059462,3114787.38187325
"FT19473",1,0.0812920679871655,496056.648639444
"FT16900",1,0.0812956823418933,403836.508642077
"FT04599",1,0.0814387003616346,3072093.79065557
"FT09209",1,0.0814780328704481,929539.560418338
"FT18274",1,0.0815410262271644,985014.172169949
"FT00948",1,0.0815955254913256,1361788.03332439
"FT10542",1,0.0816799441098593,459268.024766161
"FT11299",1,0.081723828723752,2148703.32491677
"FT02261",1,0.0817310015938832,29048430.2485577
"FT02807",1,0.0817541708648612,1700410.8019747
"FT00303",1,0.0818065712676693,111509179.725359
"FT11251",1,0.0818373914885714,739757.311754237
"FT19036",1,0.081857947917568,463372.909306265
"FT09051",1,0.081901631663681,428402.666859818
"FT07203",1,0.0819469300923715,982685.162484384
"FT00067",1,0.0823019951584843,3932187.58820353
"FT06522",1,0.0823097030190906,498691.262272039
"FT00328",1,0.082310880085099,14379644.6273085
"FT08015",1,0.0823244880134727,1010417.57627603
"FT00690",1,0.0823373525437116,31722099.242906
"FT05011",1,0.0823494831359945,1023909.98112841
"FT05017",1,0.0824787877196206,1934630.89193825
"FT12674",1,0.0824840381329743,1931312.74059135
"FT16929",1,0.0824901849154285,274374.188406979
"FT13720",1,0.0825205738687848,8764283.12784343
"FT08320",1,0.0826004223665536,1968105.14635689
"FT18797",1,0.082614734099039,459466.1735975
"FT00844",1,0.0826856063620566,1510951.01200109
"FT00248",1,0.0827242102229384,1589996.3419388
"FT15465",1,0.0827335082783857,129400.675950706
"FT00265",1,0.0827548963209691,5702475.13132531
"FT06045",1,0.0828134375996153,152484.147699018
"FT06166",1,0.0828617849472361,28715736.4969806
"FT05748",1,0.0828762223413052,1191215.86048927
"FT05326",1,0.0828986862107986,394840.825186649
"FT09534",1,0.0829046541799975,224295.162739702
"FT09669",1,0.0829135394369196,137706.554905923
"FT07370",1,0.0829825812738764,1806183.71156087
"FT00179",1,0.083344603748516,256421.885435145
"FT02114",1,0.083365008015014,324033.178694698
"FT13306",1,0.0835246536914957,995725.639909035
"FT14340",1,0.0835296906507287,369275.635007447
"FT19072",1,0.0835794328453884,12189442.6182967
"FT08777",1,0.0835971775552183,3139200.07840072
"FT10180",1,0.083694290569775,1346477.32313887
"FT03931",1,0.0837023363051383,666650.86527601
"FT13436",1,0.0837030424536673,156360.807238751
"FT08013",1,0.0837035093551782,135094.948250392
"FT00486",1,0.0837504860284137,42248628.6301861
"FT08423",1,0.0837971759893296,1252586.99530269
"FT17097",1,0.0838325484887907,6545834.72385447
"FT15126",1,0.0838520692010294,314022.536548375
"FT07260",1,0.0838635818174206,948720.705881082
"FT10300",1,0.0838682419832322,6489627.86125505
"FT01068",1,0.0838817605874649,2218677.07025178
"FT10678",1,0.0839429287287603,426394.628669134
"FT09014",1,0.0839551224852215,174622.646162254
"FT06918",1,0.0839621747625072,12723518.8945607
"FT00146",1,0.0840384383679072,3939466.05818139
"FT09754",1,0.0840436932313302,302635.91567531
"FT20964",1,0.0840700449607636,816765.591387818
"FT13604",1,0.0840982489378572,4452239.55442445
"FT01586",1,0.0841455452507617,8484586.64366031
"FT18742",1,0.0842304439284522,741742.842089775
"FT07535",1,0.0842417707786604,597161.900837388
"FT16046",1,0.0843247106729048,105590.578486909
"FT06630",1,0.0843318510420356,300129.811089478
"FT09263",1,0.0843460064235219,173479.846191969
"FT04952",1,0.0843460967644207,6721660.98513648
"FT06417",1,0.0844195546297624,6319924.83025021
"FT09261",1,0.0844418475756321,4297903.45754103
"FT01704",1,0.0844689423378063,880536.871781908
"FT00723",1,0.0844695610875094,6337279.52120058
"FT14385",1,0.0844778931149605,1090561.15310363
"FT20700",1,0.084480067235844,206993.785795159
"FT01767",1,0.0845418352526642,1268583.20331551
"FT04579",1,0.084596707096884,3735153.00868942
"FT06628",1,0.0846126458098369,2131603.03690298
"FT05268",1,0.0846988001918647,2816033.06433597
"FT11728",1,0.0847660775993751,8507264.2102873
"FT05869",1,0.0847842284289778,427686.540624162
"FT05142",1,0.0849347534919811,140356.755338098
"FT16308",1,0.0849853478756643,867075.586412066
"FT18164",1,0.0850456282512674,403899.138331278
"FT14291",1,0.0850457390601524,204431.660877107
"FT00209",1,0.0850536544087557,1258635.84959117
"FT05660",1,0.0850880349459677,765768.873143582
"FT12750",1,0.0850895861629923,1889585.65824965
"FT07169",1,0.0851499236779386,350748.884711442
"FT01682",1,0.0852054155139373,15243004.9573226
"FT00050",1,0.0852084693794257,2175872.97972757
"FT00155",1,0.0852680660347085,1545943.62432411
"FT02578",1,0.0853260919463891,538831.076248648
"FT03906",1,0.0853772698212975,227151.344477636
"FT01451",1,0.0853805927845946,1250654.67876051
"FT00787",1,0.0853937391527611,5989243.81874095
"FT05284",1,0.0854149190613123,168003.742929292
"FT05166",1,0.0855160745114857,3979318.08083164
"FT11777",1,0.0856952426203408,602967.124012571
"FT00603",1,0.0858162098880777,345194.773260469
"FT02126",1,0.0858330561982568,7371018.32731039
"FT11746",1,0.0858753104632507,5374180.58764714
"FT20541",1,0.0859061896478506,647556.611258107
"FT00061",1,0.0859276796137625,1316096558.11861
"FT10476",1,0.086094476210087,24591339.051525
"FT02600",1,0.0861354710639303,15504832.6970553
"FT14349",1,0.0861462289748692,479803.019805163
"FT04781",1,0.086151521440276,1833592.18688549
"FT01754",1,0.0862459356763165,43315877.3614909
"FT06755",1,0.0862823119701899,258615.296883139
"FT16934",1,0.0863680998255239,2672698.36609352
"FT10287",1,0.0864509615926344,460311.297395077
"FT14253",1,0.0865245672694716,178957.846913361
"FT09133",1,0.0865793430187031,210677.88190085
"FT09474",1,0.0865954365106036,225899.867521122
"FT18050",1,0.0865981886836142,384606.224175867
"FT17782",1,0.0866024196371826,1251993.28850139
"FT05972",1,0.0867070643947239,1084552.58299736
"FT00501",1,0.0868151849590339,47350302.0812367
"FT13847",1,0.0868404075745762,250629.063968639
"FT04950",1,0.0869721849085506,582958.057823758
"FT15467",1,0.0870579489510666,85937.369389519
"FT10728",1,0.0871015772322179,534236.933086586
"FT16869",1,0.0871033073343585,5474132.06577087
"FT07912",1,0.0871109831687549,1202342.92255086
"FT05053",1,0.0871125874419057,9792988.42324319
"FT03424",1,0.0871542535459861,539453.782530319
"FT08682",1,0.0872010287665608,222025.092965297
"FT03779",1,0.0872558665686198,886493.738724542
"FT09709",1,0.0872884533409606,733298.325696969
"FT10828",1,0.0872935354243449,197635.329573995
"FT02486",1,0.0872937084725071,179682.777816439
"FT19093",1,0.0873114422079064,3224444.25665311
"FT06893",1,0.0873124566744091,2284125.62251348
"FT08475",1,0.0873393089247458,109975.456267908
"FT07895",1,0.0873484884415787,4542251.14780277
"FT20501",1,0.087461629327252,354956.209251373
"FT00452",1,0.0874771751853725,15217847.362274
"FT07602",1,0.0875024623684465,521992.923622506
"FT07830",1,0.0876338258092681,11331308.2199245
"FT03024",1,0.0877768757668583,370450.39122644
"FT05524",1,0.0878772490485678,1281344.37097617
"FT00498",1,0.0879242305021684,49307400.7996003
"FT01832",1,0.0880398459576115,1168370.62400745
"FT04078",1,0.0880749589949067,970433.339115597
"FT13080",1,0.0880769589527273,18225192.0895543
"FT02466",1,0.0880881577630981,224927.97320871
"FT00562",1,0.088096730983628,549868.566840529
"FT05834",1,0.0881783007192947,727490.119070664
"FT05565",1,0.0881851469304259,1632120.7034893
"FT19412",1,0.0881949191446129,742130.895868436
"FT08050",1,0.0882222240892113,709591.16023959
"FT01432",1,0.0882490684577639,925736.934170682
"FT19109",1,0.0883001931020635,590067.538086869
"FT20087",1,0.0883184653577971,1203215.3633635
"FT11942",1,0.0883269611300407,668613.471512636
"FT07132",1,0.0883717755138656,1178082.58491994
"FT00722",1,0.0884229522295883,70437228.5468385
"FT05863",1,0.0884251300903916,150506.909399124
"FT05801",1,0.0884902692959279,439921.866351242
"FT16883",1,0.0886271406892878,2911418.24378879
"FT18567",1,0.0887130247904957,569047.584044209
"FT01776",1,0.0887142568099544,347455.225438067
"FT04855",1,0.08880510975177,190645.690589537
"FT20264",1,0.0888676309347439,366742.865656781
"FT09472",1,0.0888838259845575,410824.263639212
"FT05582",1,0.0890100819417575,9950728.92362696
"FT14658",1,0.0890121211799761,845938.48457917
"FT20962",1,0.0890232239624415,891072.000560847
"FT20953",1,0.0890735085381215,4218167.27283698
"FT20591",1,0.0891096565778355,1364223.32072339
"FT00727",1,0.0891227215664621,2721193.57469657
"FT11953",1,0.0891578456301077,92767.540342566
"FT11902",1,0.0891914914043343,290772.577304962
"FT02745",1,0.0892016218893873,108630.755181872
"FT16656",1,0.0892249659283414,1692753.4469505
"FT12698",1,0.0892589261814292,7904838.19539139
"FT17453",1,0.0893503673193366,175000.840777516
"FT17438",1,0.0893656690491686,368427.673810931
"FT08273",1,0.0893691275170088,1103481.43172803
"FT04317",1,0.0894810559897805,927263672.539888
"FT04374",1,0.0895450137676472,92287414.2597201
"FT17276",1,0.0895560334264326,1805777.07072075
"FT12452",1,0.0896008389880023,764891.87324856
"FT12609",1,0.0896598778868957,320642.257020623
"FT16211",1,0.089695154123122,510121.128513197
"FT01154",1,0.0897343076486416,1410083.73090221
"FT15501",1,0.0897897047201818,560370.295857731
"FT03946",1,0.0898331241572367,497759.780248126
"FT13896",1,0.0898366545535251,2239416.17750262
"FT09017",1,0.0898390524095573,369021.937070948
"FT20861",1,0.0900136837097279,991750.772997888
"FT02934",1,0.0900939490659828,4759021.11691832
"FT08896",1,0.0901014135327715,1323010.72898939
"FT03729",1,0.0902390992154977,435933.055440632
"FT03220",1,0.0902393698128762,521474.208111831
"FT19633",1,0.0902990223727796,239099.115812585
"FT00743",1,0.0903137544108441,1898023.68750164
"FT04547",1,0.0904201397826095,4840412.23855474
"FT01547",1,0.0904277019618591,129583.306341667
"FT18524",1,0.0904324001665254,9720530.33214449
"FT02319",1,0.0904678703232473,20595650.3842778
"FT00004",1,0.0905041426448808,8781665.56316617
"FT19122",1,0.090508573455328,420533.851363976
"FT08394",1,0.0905255993018134,942526.466828162
"FT17006",1,0.0905904370615705,722864.159625225
"FT02436",1,0.0905922344215922,344482.710410373
"FT11984",1,0.0906854150760618,150674.066518493
"FT08327",1,0.0906872145135647,389351.862592713
"FT04289",1,0.0907401882309246,147457.848160995
"FT13302",1,0.0907588056820192,493261.748617884
"FT09880",1,0.0908638201320745,3252202.26534771
"FT15863",1,0.0908881507248295,313507.372744247
"FT12448",1,0.0909335143803334,839356.642570099
"FT20710",1,0.0909335602835157,1369646.32871195
"FT11920",1,0.0909744358122863,702057.663182733
"FT00297",1,0.0910036097063555,4966375.44602753
"FT14207",1,0.0910267995844846,955138.015759257
"FT11144",1,0.0910387431109505,4025288.47325503
"FT15340",1,0.0910410774165354,1417013.34121933
"FT21256",1,0.0910562564764067,652412.794633725
"FT10094",1,0.091107274451696,708480.11169888
"FT06548",1,0.0911183736082413,351133.269904592
"FT12592",1,0.0911407810600481,524220.764184848
"FT00532",1,0.0912145776356037,6587059.60792314
"FT06159",1,0.0913166057463754,179323.763891405
"FT05075",1,0.0913353387842332,747939.662973154
"FT06250",1,0.0913527984820555,260055.917461793
"FT01644",1,0.0913602512620929,212908.380205835
"FT09679",1,0.0913971846421693,226979.212631664
"FT19973",1,0.0914056853763361,482224.865506567
"FT06469",1,0.0914116497258519,161176.793264115
"FT05829",1,0.0914314530703061,657566.841943574
"FT00272",1,0.0914762258791801,454578.673541112
"FT18847",1,0.0915434965486963,596994.758328704
"FT13117",1,0.0915581152102001,1129510.42875503
"FT06335",1,0.0915760229915302,1823231.01611076
"FT03813",1,0.0916288870593551,2150782.45681139
"FT17123",1,0.0916475179755135,821175.747826183
"FT14363",1,0.0916681310066049,2045308.12463143
"FT04149",1,0.0917448892047246,395520.255004327
"FT06467",1,0.0917518014178197,929715.408769202
"FT07492",1,0.0917537101881463,287588.644978173
"FT07392",1,0.0917603361374331,3958579.21844826
"FT02476",1,0.0917607966524871,2146828.85437003
"FT00462",1,0.0918251107667718,15361747.048734
"FT04728",1,0.091846964167083,699084.541881957
"FT16951",1,0.0919286357836381,309299.474588587
"FT06028",1,0.0919335374204712,701137.950985721
"FT02503",1,0.0919380312324938,3548769.51267955
"FT01701",1,0.092002755386697,8443448.98704719
"FT11279",1,0.0920637582112858,301325.137647173
"FT07227",1,0.0920965052176215,385044.952366527
"FT17378",1,0.0921035866828924,646587.921827432
"FT11243",1,0.0921127028166645,1803261.48005394
"FT06493",1,0.09211941476407,355235.24880211
"FT03928",1,0.0921198106078061,428474.306249571
"FT12827",1,0.092121343026184,2022329.50663048
"FT18570",1,0.0921435991730188,193893.436911742
"FT01564",1,0.0921962853310845,552985.290724666
"FT05605",1,0.0922022008904412,12419535.8949197
"FT08026",1,0.0922276701288412,2994442.47113166
"FT13924",1,0.0922434343384083,8157014.96998496
"FT01660",1,0.0922942896008178,798402.580326767
"FT20608",1,0.0923085009848124,679569.84855475
"FT01582",1,0.0923782185665287,230910.554646504
"FT02090",1,0.0923920585542899,4217863.8333005
"FT04493",1,0.092411429789875,230118.118740665
"FT15378",1,0.0924152784326507,3017166.41497786
"FT10990",1,0.0924426425948708,284004.750105708
"FT11621",1,0.0924882281831914,810997.847040307
"FT00771",1,0.0924989951541089,905644.043371447
"FT10267",1,0.092566507975665,165017.346709308
"FT04767",1,0.0925760677752777,407248.928883384
"FT08695",1,0.0926067763522619,1034951.93794442
"FT12005",1,0.0926497792686604,538389.533956951
"FT08740",1,0.0927695059007574,168452.264205187
"FT09964",1,0.0927729559865113,526075.682498413
"FT07366",1,0.092773764756642,966000.864125855
"FT02327",1,0.0928021586816457,1353498.64902315
"FT10833",1,0.092825231269431,335697.361338916
"FT00857",1,0.0929394084275968,1936533.47885825
"FT15406",1,0.0929712039763097,237410.373546318
"FT00495",1,0.0929951862294478,23254622.3630745
"FT03628",1,0.0929985391875512,875588.744791857
