"feature_id","p_value","F_statistic","mean_A","mean_B","mean_C","mean_D","FDR","eta_squared","max_mean_difference","significant_FDR_05"
"FT00918",1.06407076462568e-41,23323.4127796932,28.4001792843172,22.2126870515038,28.3231348262847,23.2200809199598,2.2127351550391e-37,0.99965711463444,6.18749223281344,TRUE
"FT00607",2.26610407246474e-41,21898.9316408603,28.6929461397274,22.5542371060701,28.6371125231626,23.5202890850686,2.35618170934521e-37,0.999634818781053,6.13870903365731,TRUE
"FT01590",3.81144910875752e-41,20969.9844916113,28.2708236390823,22.0586960910291,28.1818043645109,23.1023140677919,2.64196947388709e-37,0.999618647825619,6.21212754805323,TRUE
"FT02116",3.38007276467353e-40,17481.4503908053,27.9895593100201,21.7574109041103,27.9043657269461,22.7782666225175,1.75721532853465e-36,0.999542581394999,6.23214840590983,TRUE
"FT01634",1.28899239925111e-39,15635.4150321248,29.2393489207644,19.9080496075706,28.8473355562536,19.842696939124,5.36091938848535e-36,0.999488602713438,9.39665198164038,TRUE
"FT00784",1.92304254838491e-38,12480.7181370931,26.8206239543011,20.532391401082,26.752947937063,21.5827800134348,6.6649449656107e-35,0.999359421846808,6.28823255321909,TRUE
"FT01142",3.26500355523491e-38,11941.7682824881,26.8569554376916,20.4019491053092,26.7672125943821,21.5945937973172,9.69939270444429e-35,0.999330530951657,6.4550063323825,TRUE
"FT01046",1.31137044256e-37,10634.3604704348,25.4352791483274,24.8080936977919,27.019504622611,27.1660154050757,3.40874354412939e-34,0.999248287067308,2.3579217072838,TRUE
"FT03971",1.90404612568545e-37,10308.7180609608,27.3410799663356,28.1071566050516,22.0161841700014,22.328346404994,4.39940435373654e-34,0.99922455959805,6.09097243505021,TRUE
"FT05745",1.30205795709477e-34,5980.05966255437,24.6602853023901,25.2741405645827,16.7030413337791,16.631675334037,2.70762952177857e-31,0.998664007967384,8.6424652305457,TRUE
"FT02725",1.60267286976797e-33,4849.68897561623,24.910699602999,19.1363190039288,25.1670253971446,20.0840399063716,3.02978021152954e-30,0.998353126344614,6.03070639321574,TRUE
"FT00369",1.71876788623755e-30,2707.66960669736,21.1268452529502,27.5296858639331,28.165273460087,21.1870021745765,2.97848151619249e-27,0.997054133543981,7.03842820713678,TRUE
"FT00693",2.69335197148065e-30,2607.88547334967,23.3314241386521,23.7021309356924,21.2024548498799,21.1789874734522,4.30832724976462e-27,0.99694176213695,2.52314346224028,TRUE
"FT00440",2.33258268312275e-29,2177.14350474996,28.277706879364,24.1750303664051,27.5663675479567,24.3082493346332,3.46471834968126e-26,0.996338913218921,4.10267651295888,TRUE
"FT03648",2.79524204669915e-29,2144.43725389382,26.588977385863,20.8551002064085,25.8195891834643,20.8445791676942,3.87513722407391e-26,0.996283283061781,5.74439821816879,TRUE
"FT00428",4.44555970699245e-29,2062.78872366334,32.3616211371575,28.4134588546284,31.6722527090141,28.5035591495066,5.77783838168175e-26,0.996136737703569,3.94816228252905,TRUE
"FT00438",1.00500572964331e-28,1926.68854730828,24.2751442864307,19.9923137712325,23.5473667396482,20.1512930011723,1.19284864520632e-25,0.995864967510594,4.28283051519821,TRUE
"FT01850",1.03252106822379e-28,1922.33805493612,22.4209527352585,22.0616987918755,23.1187853585016,23.3648081432346,1.19284864520632e-25,0.995855648196154,1.30310935135913,TRUE
"FT09614",3.21036800428036e-28,1748.1913032577,27.788628924403,22.9314872856647,26.7154978429073,22.549664927744,3.51366329731632e-25,0.995444687611673,5.23896399665897,TRUE
"FT00248",1.23230855466165e-27,1561.93751495946,21.4351455556682,23.8464577213565,21.3962025631355,22.6961464057818,1.28129281970945e-24,0.994904255791221,2.45025515822098,TRUE
