"PC1","PC2","Sample","Group"
-60.1126266362559,41.5145056254491,"170424_FDC_STDMIX_A1_1_PosIon.mzML","A"
-60.206884128535,45.6247545654609,"170424_FDC_STDMIX_A1_2_PosIon.mzML","A"
-61.1751571269408,52.0838590560629,"170424_FDC_STDMIX_A1_3_PosIon.mzML","A"
-49.3834727737009,66.0688506077513,"170424_FDC_STDMIX_A1_4_PosIon.mzML","A"
420.895677337503,34.1395235898833,"170424_FDC_STDMIX_A1_5_PosIon.mzML","A"
-56.532245239728,38.3161005031487,"170424_FDC_STDMIX_A1_6_PosIon.mzML","A"
-61.8213293492642,49.3993859845588,"170424_FDC_STDMIX_A1_7_PosIon.mzML","A"
-18.6303885683916,-39.8028800846473,"170424_FDC_STDMIX_B1_1_PosIon.mzML","B"
-24.6525468174715,-38.8583830228394,"170424_FDC_STDMIX_B1_2_PosIon.mzML","B"
51.7123966763292,-10.7085356722699,"170424_FDC_STDMIX_B1_3_PosIon.mzML","B"
-25.5767389349593,-34.6805831321846,"170424_FDC_STDMIX_B1_4_PosIon.mzML","B"
-17.7525999466613,-15.5555816795593,"170424_FDC_STDMIX_B1_5_PosIon.mzML","B"
-18.6004202752055,-23.9486121900581,"170424_FDC_STDMIX_B1_6_PosIon.mzML","B"
-13.6937980597146,-20.4565695822607,"170424_FDC_STDMIX_B1_7_PosIon.mzML","B"
-7.7473116039348,11.6819076544041,"170424_FDC_STDMIX_C1_1_PosIon.mzML","C"
-4.60858470642897,21.69114844287,"170424_FDC_STDMIX_C1_2_PosIon.mzML","C"
-6.24859326661616,16.9205901656225,"170424_FDC_STDMIX_C1_3_PosIon.mzML","C"
-1.56933662586467,29.2632105670836,"170424_FDC_STDMIX_C1_4_PosIon.mzML","C"
4.52016099288715,39.663750359913,"170424_FDC_STDMIX_C1_5_PosIon.mzML","C"
6.3288457303862,37.439462169933,"170424_FDC_STDMIX_C1_6_PosIon.mzML","C"
-7.03312683732042,14.4718738998947,"170424_FDC_STDMIX_C1_7_PosIon.mzML","C"
6.74138000615183,-42.4543913300909,"170424_FDC_STDMIX_D1_1_PosIon.mzML","D"
-2.16670941286407,-50.7940460556141,"170424_FDC_STDMIX_D1_2_PosIon.mzML","D"
-0.352867419089442,-42.8521720695861,"170424_FDC_STDMIX_D1_3_PosIon.mzML","D"
2.31326307766327,-33.6980194169146,"170424_FDC_STDMIX_D1_4_PosIon.mzML","D"
3.82839423311887,-46.6529943142549,"170424_FDC_STDMIX_D1_5_PosIon.mzML","D"
-1.83754351011966,-54.2164121557008,"170424_FDC_STDMIX_D1_6_PosIon.mzML","D"
3.36216318502733,-43.5997424860553,"170424_FDC_STDMIX_D1_7_PosIon.mzML","D"
