"Sample","PC1","PC2","Group"
"170424_FDC_STDMIX_A1_1_PosIon.mzML",-60.1126266362559,41.5145056254491,"A"
"170424_FDC_STDMIX_A1_2_PosIon.mzML",-60.206884128535,45.6247545654609,"A"
"170424_FDC_STDMIX_A1_3_PosIon.mzML",-61.1751571269408,52.0838590560629,"A"
"170424_FDC_STDMIX_A1_4_PosIon.mzML",-49.3834727737009,66.0688506077513,"A"
"170424_FDC_STDMIX_A1_5_PosIon.mzML",420.895677337503,34.1395235898833,"A"
"170424_FDC_STDMIX_A1_6_PosIon.mzML",-56.532245239728,38.3161005031487,"A"
"170424_FDC_STDMIX_A1_7_PosIon.mzML",-61.8213293492642,49.3993859845588,"A"
"170424_FDC_STDMIX_B1_1_PosIon.mzML",-18.6303885683916,-39.8028800846473,"B"
"170424_FDC_STDMIX_B1_2_PosIon.mzML",-24.6525468174715,-38.8583830228394,"B"
"170424_FDC_STDMIX_B1_3_PosIon.mzML",51.7123966763292,-10.7085356722699,"B"
"170424_FDC_STDMIX_B1_4_PosIon.mzML",-25.5767389349593,-34.6805831321846,"B"
"170424_FDC_STDMIX_B1_5_PosIon.mzML",-17.7525999466613,-15.5555816795593,"B"
"170424_FDC_STDMIX_B1_6_PosIon.mzML",-18.6004202752055,-23.9486121900581,"B"
"170424_FDC_STDMIX_B1_7_PosIon.mzML",-13.6937980597146,-20.4565695822607,"B"
"170424_FDC_STDMIX_C1_1_PosIon.mzML",-7.7473116039348,11.6819076544041,"C"
"170424_FDC_STDMIX_C1_2_PosIon.mzML",-4.60858470642897,21.69114844287,"C"
"170424_FDC_STDMIX_C1_3_PosIon.mzML",-6.24859326661616,16.9205901656225,"C"
"170424_FDC_STDMIX_C1_4_PosIon.mzML",-1.56933662586467,29.2632105670836,"C"
"170424_FDC_STDMIX_C1_5_PosIon.mzML",4.52016099288715,39.663750359913,"C"
"170424_FDC_STDMIX_C1_6_PosIon.mzML",6.3288457303862,37.439462169933,"C"
"170424_FDC_STDMIX_C1_7_PosIon.mzML",-7.03312683732042,14.4718738998947,"C"
"170424_FDC_STDMIX_D1_1_PosIon.mzML",6.74138000615183,-42.4543913300909,"D"
"170424_FDC_STDMIX_D1_2_PosIon.mzML",-2.16670941286407,-50.7940460556141,"D"
"170424_FDC_STDMIX_D1_3_PosIon.mzML",-0.352867419089442,-42.8521720695861,"D"
"170424_FDC_STDMIX_D1_4_PosIon.mzML",2.31326307766327,-33.6980194169146,"D"
"170424_FDC_STDMIX_D1_5_PosIon.mzML",3.82839423311887,-46.6529943142549,"D"
"170424_FDC_STDMIX_D1_6_PosIon.mzML",-1.83754351011966,-54.2164121557008,"D"
"170424_FDC_STDMIX_D1_7_PosIon.mzML",3.36216318502733,-43.5997424860553,"D"
